unit,admin_area,treated,pressure,habitat_value,pre_loss,post_loss,loss_change,estimated_avoided_loss_pp,priority_score,priority_rank,ml_risk,pi_half,confidence,priority_rank_ml
226,A08,0,0.9756616562908541,0.12326959119534346,5.824994762024465,6.610058701336266,0.7850639393118009,0.0,0.8185693323117823,1,6.210262907378057,1.1773453265274805,낮음,4
3,A01,0,0.9335718258930739,0.05414056931359458,5.758991892056545,6.349266766967702,0.5902748749111568,0.0,0.767030747877918,2,6.270138763309485,0.4197245548859051,중간,2
2,A01,0,0.9349896168536873,0.11543758828326298,5.860948340860183,6.171445263541857,0.31049692268167384,0.0,0.7611048235181144,3,6.1803184873861925,0.3854878373189405,높음,5
12,A01,0,0.8892134296461071,0.08847176909156708,5.753713836181933,6.326184403120395,0.5724705669384624,0.0,0.7604008077644925,4,6.218364817913655,0.2151071597998591,높음,3
18,A01,0,0.9145674059144865,0.0,6.080155977471341,6.386382708119777,0.30622673064843653,0.0,0.7553212591588832,5,6.149589265006097,0.5754811814167076,중간,6
25,A01,0,0.7430046259587382,0.31986948854438235,5.494466353552921,6.129889258988896,0.6354229054359744,0.0,0.7496623020526875,6,5.79542552041233,0.8189744239736536,낮음,18
16,A01,0,0.8274523359541064,0.0,6.0328126166752405,6.519544368726754,0.4867317520515133,0.0,0.7474260057418834,7,6.293426410989934,0.7105634905862283,낮음,1
227,A08,0,0.9999723013801818,0.11056578818719327,5.384527408419742,5.8193662838095115,0.4348388753897696,0.0,0.7396681704336662,8,5.754228944086972,0.5766746220762826,중간,19
153,A06,0,0.517618553112248,0.5246967113578127,5.605241732606336,6.178395199950856,0.57315346734452,0.0,0.7393384867084647,9,5.904898903284791,0.6392441691580187,중간,13
39,A02,0,0.6423926299002286,0.54383298451447,5.35353494165824,5.8394655304946745,0.4859305888364345,0.0,0.7390222512637342,10,5.5686545298737204,0.5617064733344478,중간,40
177,A06,0,0.6393749539839547,0.381896410049908,5.510302179996011,6.111283571509224,0.600981391513213,0.0,0.7342204282981284,11,5.845357909844074,0.8365695236576709,낮음,16
42,A02,0,0.7831936586268649,0.41883668651769784,5.146570959119858,5.688377569386766,0.5418066102669084,0.0,0.73347072800216,12,5.5902368472379,0.2651977713527046,높음,39
57,A02,0,0.8646225967497342,0.13075281182905632,5.81265152286147,6.025040389711281,0.2123888668498104,0.0,0.7313118538271414,13,5.846281403351169,0.4330656338419997,중간,15
193,A07,0,0.7337656398027873,0.3216998588784877,5.621359425229622,5.928507944918136,0.3071485196885142,0.0,0.7267224937917686,14,5.6095469114317975,0.7585933613920592,낮음,34
256,A09,0,0.8266009951687363,0.449349695995742,4.908349461591318,5.431714382278831,0.5233649206875128,0.0,0.7236653072244834,15,5.29281740920282,0.6999892259450051,낮음,95
13,A01,0,0.893032565075936,0.02134095715962142,5.408730575113314,6.06763378188646,0.6589032067731466,0.0,0.7209727874202904,16,6.119258494381699,0.2923306605094374,높음,7
196,A07,0,0.7520781410091925,0.3202401525475874,5.528331248725801,5.8261841793471945,0.29785293062139306,0.0,0.720340341063884,17,5.739531573606537,0.2914614474583578,높음,22
43,A02,0,0.776074761329619,0.1602080581236953,5.872013018215414,6.042295946565739,0.17028292835032488,0.0,0.7168650188696111,18,5.849496423448657,0.5072944019975129,중간,14
27,A01,0,0.894389120384282,0.03641320454767487,5.480688421328955,5.981070764680791,0.500382343351836,0.0,0.7153012639765574,19,6.043946270016037,0.3952489354320981,중간,10
257,A09,0,0.8395219296556433,0.17136717799461745,5.191691489316076,5.8534372106638,0.6617457213477236,0.0,0.7152681105974292,20,5.543660167823715,0.8502459944548854,낮음,46
272,A10,0,0.8119012494598792,0.18648885610914376,5.283528832797971,5.83147471619719,0.547945883399219,0.0,0.7090974534129689,21,5.526780434416284,0.59974780411195,중간,53
267,A09,0,0.8882069968382823,0.0,5.198817575373845,6.0003638366477805,0.8015462612739359,0.0,0.7084845993586847,22,5.8383567047899225,0.569017584058366,중간,17
283,A10,0,0.7816431896708942,0.2579500349679775,5.223145850464381,5.755334632177626,0.5321887817132449,0.0,0.7078867637130649,23,5.499825478666297,0.7976142329384892,낮음,59
254,A09,0,0.681670811297594,0.4943909387874911,4.832564042873916,5.518624941491693,0.686060898617777,0.0,0.7055023565002144,24,5.411175775666082,0.3504250821673304,높음,71
32,A02,0,0.7934446343144671,0.06445996585774022,5.642186807801979,6.062723136330034,0.4205363285280548,0.0,0.7041876196380529,25,6.0099579329439905,0.3352883254433651,높음,12
213,A08,0,0.7899000770597077,0.3614124017678505,4.937327383790015,5.493155155772108,0.5558277719820932,0.0,0.703308470502698,26,5.363093948187933,0.49682338825024375,중간,84
44,A02,0,0.6492058219234259,0.47617891557110537,5.268530971471547,5.6081894198816356,0.33965844841008863,0.0,0.7030817503931795,27,5.563457363092815,0.1764158031724805,높음,42
31,A02,0,0.7333647750916243,0.13190301303585628,5.5314347982087835,6.059772349090126,0.5283375508813428,0.0,0.7023486134322428,28,6.029916403446465,0.36884269967402616,높음,11
209,A07,0,0.5675576316703393,0.4940263456589224,5.120313192757443,5.735947610527373,0.6156344177699298,0.0,0.6995593339230003,29,5.61270167822257,0.6347693110301521,중간,33
298,A10,0,0.5681009184433468,0.5173363243155794,5.385345643487932,5.684865183495773,0.2995195400078403,0.0,0.6990312670701693,30,5.638074359935502,0.4689601678298928,중간,31
197,A07,0,0.7498159507345149,0.2282840681474537,5.258104430652816,5.791345315913605,0.5332408852607893,0.0,0.6977512559564776,31,5.712693878992694,0.37980600474738535,높음,23
183,A07,0,0.7630364911294591,0.2172053855652667,5.133611724794312,5.765782051268487,0.6321703264741751,0.0,0.6961754133361883,32,5.7088006778282825,0.41565609415448096,중간,25
1,A01,0,0.7480817462258372,0.19357495809027714,5.1178788709545335,5.844029839850402,0.726150968895868,0.0,0.6958688026731583,33,5.753205335798543,0.3279204304620122,높음,21
30,A02,0,0.7846416107463416,0.1494120747180484,5.106279057785655,5.838652758858564,0.732373701072909,0.0,0.6956155744609448,34,5.622135836837892,0.5783526068337622,중간,32
286,A10,0,0.7032342079049915,0.4021328215639925,4.881862406174693,5.548548742299811,0.6666863361251183,0.0,0.6955614555083302,35,5.271909986069343,0.6815568450855841,중간,103
17,A01,0,0.8058140039094005,0.0,5.3623442032767255,6.061095351217173,0.6987511479404471,0.0,0.6942182550195309,36,6.114312471799098,0.2802132707395727,높음,8
11,A01,0,0.9226850723362608,0.01862563148946831,5.417488547741038,5.740605908812194,0.32311736107115596,0.0,0.6937467282101968,37,5.753419546382555,0.1795007055121817,높음,20
182,A07,0,0.6756935144166244,0.2862138590028538,5.137978741603256,5.811607154251979,0.6736284126487231,0.0,0.6929191163853224,38,5.68439306512052,0.3416524598664474,높음,28
180,A07,0,0.6042235797716945,0.5429004894175871,4.93013695071731,5.488155843854253,0.5580188931369428,0.0,0.6926657324714778,39,5.530269483751739,0.41695817277327735,중간,50
26,A01,0,0.8914164036350154,0.1960293044539061,4.651005551398055,5.45471342625561,0.8037078748575555,0.0,0.6916029750606209,40,5.5332187579794825,0.5885979275633295,중간,49
58,A02,0,0.639568792347387,0.5691889726843344,4.501345885571315,5.327892888807845,0.8265470032365307,0.0,0.6900506210903482,41,5.3722339931899,0.15669967717514977,높음,82
136,A05,0,0.47380696424301066,0.5824193691777336,5.252636235849193,5.695751646028245,0.4431154101790513,0.0,0.6896094165623464,42,5.441236056847528,0.6913906649377412,낮음,64
208,A07,0,0.6503168478959459,0.34862778936578553,5.316218524388358,5.695348141544495,0.3791296171561376,0.0,0.6869365018953054,43,5.5442061256765225,0.5252950503365473,중간,45
28,A01,0,0.8303939783729861,0.23675086610095386,5.375168064986805,5.475856802891983,0.10068873790517863,0.0,0.6866961021199336,44,5.523868775194519,0.47532653440331857,중간,54
252,A09,0,1.0,0.0,5.036117256545264,5.515998652496885,0.4798813959516206,0.0,0.6859326474629663,45,5.604500363419634,0.4279052587036297,중간,37
41,A02,0,0.8498997132091667,0.029945314860048033,5.234846836833667,5.794003284939133,0.5591564481054654,0.0,0.6833815673518888,46,5.709135251974183,0.36600773642295725,높음,24
266,A09,0,0.8609428477458158,0.0,5.168098256534795,5.822963259108919,0.654865002574124,0.0,0.6831726721754435,47,5.69671970909163,0.49625406882658424,중간,27
211,A08,0,0.6805447757554633,0.5870230452136824,4.806872787484105,5.127224029706072,0.3203512422219674,0.0,0.6829395766390346,48,5.282498437287984,0.3310520680328731,높음,99
198,A07,0,0.7617326323118796,0.3073329488881078,5.096798950826565,5.432397609506733,0.33559865868016825,0.0,0.6791161007665927,49,5.438458057722752,0.3343373602733653,높음,66
14,A01,0,0.7297620557773256,0.0,5.809531690439121,6.086627893209437,0.2770962027703163,0.0,0.6778673060270091,50,6.083531806057462,0.20101589035834785,높음,9
251,A09,0,0.8930904120402244,0.16809737777695985,5.09643730901463,5.364255559063406,0.26781825004877646,0.0,0.6770039006979415,51,5.436935957989492,0.4069311743781079,중간,67
10,A01,0,0.8402233260481379,0.26618776048043075,4.96407531313868,5.301638343858284,0.33756303071960403,0.0,0.6768766975757585,52,5.413184382408498,0.553788930871363,중간,70
22,A01,0,0.5743162822190366,0.4750016270090684,4.877612777376018,5.505503419019145,0.6278906416431269,0.0,0.673417804124051,53,5.27990294643305,0.5345577462377498,중간,101
0,A01,0,0.7188739992343929,0.12242106477060566,5.4329800712936525,5.759321261165564,0.3263411898719113,0.0,0.665504320377996,54,5.6644982377952555,0.37087746453534426,높음,30
282,A10,0,0.8804380732653486,0.13331205917751676,4.799559312488793,5.34427987641296,0.5447205639241668,0.0,0.6648010757096123,55,5.501730741863379,0.5600415833813638,중간,58
279,A10,0,0.6071554863891735,0.5975468352761741,4.819872787562102,5.108823902290724,0.2889511147286221,0.0,0.664778604062772,56,5.0458258791934085,0.33198771987131964,높음,161
24,A01,0,0.6124730827909046,0.2794192777725464,4.84572722930873,5.702944804833315,0.8572175755245848,0.0,0.6644258909410098,57,5.60944100213867,0.3702323843128191,높음,35
214,A08,0,0.7111095659756177,0.45303932811089875,4.432708149192927,5.127997883063781,0.6952897338708537,0.0,0.6638647131856559,58,5.118193851820335,0.21390084125751996,높음,141
46,A02,0,0.7557621768579947,0.19477989772716914,5.243931945326677,5.504164318483793,0.2602323731571161,0.0,0.6625953165077537,59,5.316696852703088,0.7530337283735651,낮음,89
248,A09,0,0.7429719301507978,0.2202401952947553,5.457598596408007,5.482135298126092,0.024536701718084863,0.0,0.6621930555570057,60,5.3855740402944825,0.34275610843448,높음,77
287,A10,0,0.7562630671104295,0.07897657086330584,5.1371898036897745,5.696839237769152,0.5596494340793772,0.0,0.6596482755792136,61,5.7084503445377335,0.17753073595468094,높음,26
192,A07,0,0.6775488464861652,0.25734421510041583,5.002301692966773,5.491803552968783,0.4895018600020098,0.0,0.6542661066122608,62,5.474935890735903,0.2310806091218954,높음,60
205,A07,0,0.6695592829128554,0.41380119048255365,4.771751148909432,5.207473192453327,0.4357220435438949,0.0,0.6539156580029348,63,5.093597248424057,0.4286415163289384,중간,149
273,A10,0,0.9442725575021931,0.0,4.977581395140612,5.324978512470169,0.3473971173295576,0.0,0.6520849132288205,64,5.5075237863896005,0.5019790487184314,중간,57
5,A01,0,0.5688771576403344,0.3502173469527245,5.110616092475466,5.552970093562139,0.4423540010866729,0.0,0.6520500707367801,65,5.38858822379797,0.4895051268449185,중간,76
243,A09,0,0.772125524447124,0.4005191334359837,4.55259481529107,4.967634289164047,0.41503947387297657,0.0,0.6518950600233384,66,5.020794741710319,0.3238316800096426,높음,164
59,A02,0,0.6430942047221936,0.2990378978334559,4.869013469414274,5.466286324837979,0.5972728554237046,0.0,0.6513307413096989,67,5.3957511879602835,0.2862415244543386,높음,72
161,A06,0,0.5016389583459049,0.6083184145830431,4.545098483820981,5.2094738068813085,0.6643753230603275,0.0,0.6510476069335299,68,5.115938725136998,0.2732834728551101,높음,142
210,A08,0,0.7113709325962259,0.23836721813276954,4.9749278070615865,5.4127935869986175,0.4378657799370309,0.0,0.6506886026197661,69,5.28617589887581,0.4927236319977631,중간,97
235,A08,0,0.7273010349092882,0.26268511110352055,4.751668805077523,5.325464835969774,0.5737960308922503,0.0,0.6504297591791205,70,5.2408323225635085,0.34427755495711027,높음,110
222,A08,0,0.8482258039190176,0.19863786763932448,4.700433095476877,5.1384926518888925,0.4380595564120151,0.0,0.6483576714277193,71,5.293846808535391,0.5559005201758024,중간,94
155,A06,0,0.4536961331050491,0.6022451863586282,4.736328006634169,5.299693207883918,0.5633652012497485,0.0,0.6472535834800192,72,4.945393647263083,0.9606773481109024,낮음,177
34,A02,0,0.765513011150979,0.27372817310373876,4.829279021168531,5.1779743335821795,0.34869531241364893,0.0,0.6468139179852672,73,5.154252748594196,0.3621806839061875,높음,124
246,A09,0,0.4753154806065043,0.8037780944192978,4.150909021562951,4.850352333141954,0.6994433115790031,0.0,0.646116454647958,74,4.853668881841913,0.3671024020321793,높음,196
228,A08,0,0.8032422863028489,0.27531685711088544,4.679453889702488,5.075985146000269,0.39653125629778074,0.0,0.6459305201118374,75,5.0276205784601595,0.44892749389283415,중간,163
281,A10,0,0.6875915265330068,0.3800060422889642,4.385778107177444,5.152115227536295,0.7663371203588509,0.0,0.6458930348645239,76,5.149534439108289,0.1870659027070884,높음,128
271,A10,0,0.7724182615503339,0.36258700905462915,4.406478431105011,4.965529115606616,0.5590506845016048,0.0,0.644162332773502,77,5.073264008843701,0.7931624362578297,낮음,156
48,A02,0,0.7959109255012987,0.1835013332727395,4.686089102317398,5.251750452427181,0.5656613501097834,0.0,0.6440599707135127,78,5.152757241645088,0.493859617941756,중간,127
137,A05,0,0.5760526547994099,0.5028939064525716,4.645997016929824,5.127015237490372,0.4810182205605482,0.0,0.639968949846991,79,5.250705352489931,0.4398165187369332,중간,107
239,A08,0,0.6527289625476187,0.4817719156207613,4.642801297459659,4.968797036779886,0.3259957393202271,0.0,0.6384177047446143,80,5.148037029763132,0.3588849172251843,높음,129
247,A09,0,0.629839628204697,0.5521331838660315,4.585561116560131,4.887955930954928,0.30239481439479743,0.0,0.6383390829491967,81,5.010324622658872,0.18411424188984846,높음,167
240,A09,0,0.6394285660451637,0.28081631394726053,4.674720809490908,5.38492215068235,0.7102013411914418,0.0,0.6382869375886594,82,5.283395355925405,0.2558046535664042,높음,98
244,A09,0,0.9233993479352115,0.05931733285822733,4.64442664648201,5.121959351232026,0.47753270475001575,0.0,0.6375631786984616,83,4.933681161001356,0.5248651787290548,중간,179
61,A03,0,0.6009867671732113,0.4107028423817225,4.617169902361651,5.220322283249219,0.6031523808875683,0.0,0.6374925133097732,84,5.212123011926314,0.2608762750863002,높음,114
253,A09,0,0.7512172441168371,0.2013534584827463,4.780233767486843,5.2563784390918595,0.4761446716050166,0.0,0.6369394920564297,85,5.241293958495986,0.36467452672006023,높음,109
217,A08,0,0.5484672108364981,0.5709916231169401,4.565225302449756,5.011248212811774,0.4460229103620179,0.0,0.6346221932217229,86,5.000061980094507,0.15297628873789054,높음,168
237,A08,0,0.8635634472384817,0.0,5.105546470563303,5.34270517048432,0.23715869992101624,0.0,0.6337558275890566,87,5.441963556231391,0.3825242615632623,높음,63
9,A01,0,0.5989167523219933,0.43678457622027334,4.710169579765656,5.08649798938451,0.3763284096188535,0.0,0.6282387557533331,88,5.203174509781105,0.22117802303747425,높음,117
295,A10,0,0.6611689716336238,0.20635239212177686,4.949019605555782,5.363919177994385,0.4148995724386024,0.0,0.6266394721745813,89,5.200398543827544,0.5932134021359066,중간,119
56,A02,0,0.732100683590392,0.3608386808734525,4.410687394824345,4.882810151503803,0.47212275667945836,0.0,0.625108944165656,90,5.089370238144453,0.4498045202615915,중간,151
268,A09,0,0.8010776741705088,0.02766595756714227,4.876623503420838,5.349015458041346,0.472391954620508,0.0,0.6243254901758801,91,5.394263293474322,0.19334403224997773,높음,74
255,A09,0,0.7303676752188953,0.2559271377677642,4.603623658503964,5.049287776526583,0.44566411802261907,0.0,0.6210504398245064,92,5.121325575727943,0.2537872383692668,높음,139
220,A08,0,0.718052990103029,0.2558798709107298,4.536719476212109,5.076667833945679,0.5399483577335706,0.0,0.6208169762737877,93,5.099856864245773,0.33627304847952766,높음,146
92,A04,0,0.5269571143925443,0.4256941433831284,4.937316285431067,5.205913043020258,0.268596757589191,0.0,0.6204810443435375,94,5.098963493622611,0.2716339407004478,높음,147
190,A07,0,0.7150711233082548,0.20429943385018395,4.9158001720907105,5.173718439982699,0.2579182678919887,0.0,0.6198739761715163,95,5.145354581756248,0.29738504934644133,높음,131
212,A08,0,0.8384647546954381,0.0,4.839639754743152,5.254953521949239,0.41531376720608737,0.0,0.6183321152942701,96,5.51051030863513,0.647234286731233,중간,55
154,A06,0,0.457289727634941,0.7722648492928692,3.974125456670999,4.678506140819719,0.7043806841487199,0.0,0.6173905809816658,97,4.993765592491342,0.9075012561801998,낮음,170
121,A05,0,0.4475448058643746,0.4851646944450959,4.440295452598926,5.233176895059148,0.7928814424602217,0.0,0.6153646228813674,98,5.189580793199099,0.6904998331324673,낮음,121
249,A09,0,0.5771951519570244,0.3516184258585325,4.583756017414848,5.169081574484035,0.5853255570691864,0.0,0.6143853393758258,99,5.204778211237369,0.1608188210134621,높음,116
132,A05,0,0.5451931231806848,0.5599921093090976,4.362688231883451,4.843809362261637,0.4811211303781864,0.0,0.6141464942271548,100,4.742803936439438,0.272636802155805,높음,251
35,A02,0,0.6743881499475418,0.23050875039750846,4.623389985492575,5.157069897242873,0.5336799117502977,0.0,0.613209309155485,101,5.166650493419635,0.15915139064159287,높음,123
76,A03,0,0.5212066273667914,0.4068234387389449,4.61005935433123,5.1799212113705675,0.5698618570393377,0.0,0.6125593578044358,102,5.1343651594382615,0.16999313706905758,높음,136
181,A07,0,0.6506926558573873,0.005260749688683453,5.291016338732242,5.63558002498158,0.3445636862493382,0.0,0.61212558650733,103,5.56467211317031,0.13022595101784207,높음,41
63,A03,0,0.7156180826864369,0.23072299843396948,4.363424063034759,5.045632617730975,0.6822085546962162,0.0,0.6119411247908455,104,5.102457929839823,0.25437193088032034,높음,144
55,A02,0,0.6185154307441578,0.30606640163942744,4.704816309427086,5.119249576823541,0.41443326739645503,0.0,0.6104094904626158,105,4.901782864335718,0.35106471561652364,높음,182
221,A08,0,0.8385017908017991,0.13636914995344793,4.599377066918778,4.900011733043179,0.3006346661244015,0.0,0.6086087619245684,106,4.993627492014047,0.5753749675333384,중간,171
296,A10,0,0.7584177497939957,0.2803179458971941,4.278967740340568,4.805457139092889,0.5264893987523207,0.0,0.6075191925601312,107,4.949698349615195,0.6166149525281961,중간,176
77,A03,0,0.6275442023814208,0.5668642347149053,4.354194617335176,4.5614873147166275,0.20729269738145106,0.0,0.6066736242229334,108,4.78977139377335,0.5118891374574162,중간,227
147,A05,0,0.5105795885131329,0.401546165718618,4.553003011578498,5.1274201152119,0.5744171036334027,0.0,0.6033733479211052,109,5.102184469404602,0.20652492253560298,높음,145
169,A06,0,0.5225572327805668,0.5925936303094421,4.383185314118758,4.731213918237378,0.34802860411862024,0.0,0.6032685577484413,110,4.892873825736764,0.3255620534890351,높음,184
87,A03,0,0.6177762169428962,0.37943573775505984,4.406303578635616,4.904493583917878,0.49819000528226187,0.0,0.6025079664626645,111,4.705331821772255,0.5147189311331185,중간,259
6,A01,0,0.5576401071782726,0.3568794450922024,4.830330525023518,5.085293829551625,0.2549633045281068,0.0,0.6018130218201693,112,5.167903934130626,0.1678757479572406,높음,122
238,A08,0,0.7362275010283521,0.11409440260834763,4.468954493860574,5.121901137328124,0.6529466434675504,0.0,0.6017195615054659,113,5.251311110260831,0.4765101264108601,중간,106
265,A09,0,0.8290233775435807,0.17580740269647485,4.4372107638158935,4.780255134449073,0.34304437063317916,0.0,0.6016409148377714,114,4.938553189757715,0.7291949383966142,낮음,178
206,A07,0,0.7056773164927914,0.3250315055197153,4.409766793861391,4.782823658465282,0.37305686460389076,0.0,0.6009170159839883,115,4.993059019393449,0.7079100009988735,낮음,172
71,A03,0,0.6006118970804317,0.5733094790679247,4.045187446509795,4.550923024326931,0.505735577817136,0.0,0.6001281575580167,116,4.595143766396976,0.12522440326840192,높음,273
215,A08,0,0.6746575225522118,0.22308342073191695,4.208977903676409,5.043952214886458,0.8349743112100487,0.0,0.5999978694151191,117,5.0478547147813,0.1518396864194493,높음,160
162,A06,0,0.7066362526992988,0.08537865491562327,4.545191836009938,5.230609580373687,0.6854177443637495,0.0,0.5999126069254822,118,5.262830437595836,0.22068923223206802,높음,104
185,A07,0,0.5770677003649469,0.4342342666229305,3.9543718418628173,4.866072461663827,0.9117006198010098,0.0,0.5992847339940967,119,4.767797901469654,0.17374828601530695,높음,232
19,A01,0,0.7632172197031859,0.39577746182260976,4.114939706959357,4.427279728780155,0.31234002182079745,0.0,0.5923819611038008,120,4.741177628343981,1.006322250393111,낮음,253
70,A03,0,0.5018303219761504,0.6826055564939669,3.7575613182931478,4.502007934096115,0.7444466158029672,0.0,0.5921920628158976,121,4.671724295709689,0.37100521958873994,높음,263
297,A10,0,0.727879110853513,0.1341106298482034,4.728766530507564,4.9998012156509635,0.2710346851433991,0.0,0.5909054988280797,122,5.077693901160969,0.4158780547687467,중간,155
199,A07,0,0.661886149149526,0.16893551937673673,4.775714476786321,5.077614827748332,0.3019003509620104,0.0,0.5894851298667003,123,5.142641696340193,0.192901793497464,높음,133
184,A07,0,0.6284635335642802,0.16128463770848328,4.623676537856841,5.160719662649987,0.5370431247931453,0.0,0.588263859237754,124,5.079371882900644,0.19598238981255817,높음,154
74,A03,0,0.5137652313677695,0.41140268592124496,4.33825515177728,4.910286347672951,0.5720311958956712,0.0,0.5835025667025739,125,4.967843571635766,0.6986324308992127,낮음,174
242,A09,0,0.7668169037782863,0.066300844624683,4.2677409844023835,4.950496687934171,0.6827557035317877,0.0,0.5819374705789955,126,5.091618882855173,0.5110442322310091,중간,150
64,A03,0,0.6347212819226494,0.35933165757116065,4.19299886650793,4.703383995415287,0.5103851289073571,0.0,0.5817556111517032,127,4.549353618732744,0.3348970262234351,높음,278
166,A06,0,0.6238227871237882,0.24093866365210811,4.752763499711779,4.953424637533895,0.2006611378221157,0.0,0.5814217749906065,128,5.107279674297082,0.5225066409448001,중간,143
241,A09,0,0.8109167623865049,0.23235423893231608,4.210564278597437,4.506635199853434,0.2960709212559971,0.0,0.5798958508909563,129,4.870143207854073,0.9496463795795224,낮음,187
245,A09,0,0.5694463428813161,0.4653585046967081,3.9784781756943652,4.636606823714988,0.658128648020623,0.0,0.5796800181089193,130,4.577848121262437,0.21749396680734961,높음,276
250,A09,0,0.7563589862139487,0.20457561240370747,4.685078833200724,4.6836055123882785,-0.0014733208124457775,0.0,0.5791517117665478,131,4.874209980549246,0.7406874449936334,낮음,185
78,A03,0,0.6446488378158021,0.3989949402253535,4.328548437057942,4.5515312283187175,0.22298279126077514,0.0,0.576337896683899,132,4.586201273064543,0.4598468526401638,중간,274
146,A05,0,0.46492399363546627,0.5742972228110964,4.0003952913713485,4.634951146553213,0.6345558551818646,0.0,0.5751645525329893,133,4.619822014306093,0.293214427962646,높음,269
225,A08,0,0.7034041559376736,0.1872226092858516,4.242266657416391,4.79994170448274,0.5576750470663487,0.0,0.5745716842752117,134,5.131985709976383,0.6115722546749206,중간,137
236,A08,0,0.7166924570426638,0.23050901841377114,4.259754723605966,4.655147347448422,0.3953926238424561,0.0,0.5714546954436296,135,4.841119277387739,0.5938580105400373,중간,202
117,A04,0,0.5165736800455372,0.5285516443091762,4.279468249300915,4.5428863599370475,0.26341811063613285,0.0,0.5693291289299797,136,4.611707473081938,0.23538290711520587,높음,271
54,A02,0,0.5043501544791757,0.4086028628798672,4.405324893164689,4.769958030324224,0.3646331371595348,0.0,0.565958118897239,137,4.898534102406256,0.8073532550259442,낮음,183
269,A09,0,0.678382547212708,0.10950279923456632,4.607967312937907,4.922673572411759,0.31470625947385233,0.0,0.5655684177580954,138,5.053855999493555,0.3440034886663262,높음,159
50,A02,0,0.5551473624662921,0.5609285458348405,3.92131867201127,4.223057485986571,0.3017388139753008,0.0,0.5521023808869939,139,4.361619606469764,0.2975005750900591,높음,292
280,A10,0,0.7471309216867642,0.3068664792748216,3.9910435984695525,4.248581678157057,0.25753807968750486,0.0,0.5519470248632116,140,4.657823707872096,1.0924198380568662,낮음,265
270,A10,0,0.5838444965844413,0.42929374654920927,3.990102222646563,4.36038029415899,0.370278071512427,0.0,0.5472670623569004,141,4.700859758235552,0.7998595712248082,낮음,260
259,A09,0,0.6693324316124191,0.37354589911285613,3.612440241469811,4.093688538506372,0.481248297036561,0.0,0.5296840352863439,142,4.316416051576016,0.7938348272454055,낮음,294
179,A06,1,0.46148763786785846,0.7153457292025129,5.5447901186200514,5.323284139385858,-0.2215059792341938,0.8224050643289461,0.5242811728134553,143,5.1196271142464855,0.6220685143553802,중간,140
100,A04,0,0.42658527991968326,0.5798325152989449,3.7348035555320522,4.177430425906601,0.4426268703745486,0.0,0.5189855496744531,144,4.376775418246769,0.8774939724719406,낮음,288
170,A06,0,0.35605387415928946,0.46217555274548583,4.095677058891242,4.5559707291848905,0.4602936702936482,0.0,0.5172881432791756,145,4.6134287557327,0.511790709973594,중간,270
167,A06,1,0.6544209402775014,0.5050147877444309,5.50365469269394,5.192187194121017,-0.3114674985729229,0.8224050643289461,0.5167800645028905,146,5.421903225777715,0.2821373424330556,높음,69
231,A08,0,0.4992273686325336,0.3892939313117969,4.046338113302186,4.308075302947434,0.26173718964524806,0.0,0.5126594677742161,147,4.411766826181199,0.46612271068411265,중간,286
101,A04,0,0.6280319118808394,0.12183982952054367,3.6642007710437796,4.458158271184141,0.7939575001403614,0.0,0.5070175229163908,148,4.622356465589506,0.5093191324929336,중간,268
204,A07,0,0.4102603574135923,0.5200614742569375,3.6025487184061733,4.1596170314501775,0.5570683130440042,0.0,0.5010928757202155,149,4.665710749106306,1.3266809201426233,낮음,264
230,A08,0,0.5477373806584056,0.41975124372265743,3.7309946839997594,3.994474270856263,0.26347958685650363,0.0,0.49818220281237136,150,4.151880083007541,0.4607493108534105,중간,300
138,A05,1,0.6394105630330018,0.6858789002331973,5.051140042918026,4.667189137230763,-0.38395090568726253,0.8224050643289461,0.4944636824823492,151,5.377162226096054,0.583973376192944,중간,81
29,A01,1,0.7124582114106317,0.35548431961834825,5.329538031689901,5.09282934374067,-0.23670868794923106,0.8224050643289461,0.49102417998252534,152,5.5364188294429155,0.27154205944782095,높음,47
86,A03,0,0.5714122931494438,0.2694201744523304,3.366176243379968,4.132470860108542,0.7662946167285742,0.0,0.4884223236953884,153,4.249267304151882,0.498630344966284,중간,299
168,A06,1,0.6040646014328681,0.5454115937877566,5.443179015910647,4.962729127311891,-0.4804498885987556,0.8224050643289461,0.4883469062429096,154,5.334626355042824,0.33217443798270907,높음,88
8,A01,1,0.5479660264394954,0.7258299188336319,5.257233084229774,4.721828313819678,-0.5354047704100955,0.8224050643289461,0.48528946515944416,155,5.247257203711479,0.520279571574684,중간,108
176,A06,1,0.7201556052850429,0.3465734275737352,5.0934028772122995,5.0102387603643415,-0.08316411684795799,0.8224050643289461,0.48255540661161334,156,5.362542732145982,0.5181446775172569,중간,85
49,A02,0,0.6657654827269862,0.14710852903634072,3.557754205238699,3.9999603869752662,0.4422061817365672,0.0,0.47373267112746875,157,4.4630114514482235,1.1233486380803703,낮음,285
33,A02,1,0.759144184436304,0.2512364805942714,5.469198013152342,5.012808896207154,-0.45638911694518747,0.8224050643289461,0.47350312589780397,158,5.666251575394665,0.3945997900375447,중간,29
195,A07,1,0.5300627079893049,0.6934153993780807,4.853764202902895,4.710439558536779,-0.1433246443661167,0.8224050643289461,0.4731433332445285,159,5.371683196292014,0.4004468855819682,중간,83
288,A10,1,0.7190794201395381,0.3203247366002465,5.325544611322254,4.849495288173232,-0.47604932314902193,0.8224050643289461,0.4602774119483366,160,5.378149728545571,0.6153480846444702,중간,80
191,A07,1,0.6770376287885108,0.5002496073118934,4.728448861908431,4.602000294039469,-0.1264485678689624,0.8224050643289461,0.4599479627060865,161,5.546427021983726,0.5049064824206999,중간,44
40,A02,1,0.7740255450901697,0.3792121547735955,4.545180879130994,4.51213239326489,-0.03304848586610376,0.8224050643289461,0.4506177703954551,162,5.528278515914038,0.5125470763636117,중간,52
73,A03,1,0.6566365953349365,0.3881296828771649,4.929970356231303,4.715975479417395,-0.21399487681390816,0.8224050643289461,0.4443068401900885,163,5.121702843637795,0.434286125296208,중간,138
223,A08,1,0.6967308046458873,0.4714115483581802,4.891294274718726,4.397192460358534,-0.4941018143601923,0.8224050643289461,0.43775025811484586,164,5.340254952772142,0.48470054628292963,중간,87
23,A01,1,0.5239043112969642,0.5700027477888548,4.821730088213096,4.593439132568852,-0.22829095564424406,0.8224050643289461,0.43472266963289385,165,5.378361833227021,0.5136782467687072,중간,79
218,A08,1,0.490374851380772,0.6261618294379774,4.803599768810159,4.537076291457227,-0.2665234773529317,0.8224050643289461,0.43169569758818227,166,5.315487092636178,0.5782734592912481,중간,90
178,A06,1,0.5535813624672832,0.4813664075544024,4.73341811366643,4.637365319568266,-0.09605279409816436,0.8224050643289461,0.4289944348065273,167,5.533601439336065,0.28940482698533354,높음,48
216,A08,1,0.536699521613249,0.7308133116534679,4.647341701180205,4.172138004949899,-0.4752036962303068,0.8224050643289461,0.42615847840655924,168,5.012795575370336,0.33461831236852735,높음,165
200,A07,1,0.5699603341488356,0.5719433548614832,4.476508799689844,4.389824260227087,-0.08668453946275712,0.8224050643289461,0.42539578885553786,169,5.064396495181907,0.23823633059908386,높음,157
148,A05,1,0.5241342734328701,0.5857773628406817,4.797875077439782,4.47139189001326,-0.32648318742652194,0.8224050643289461,0.4252103649521894,170,5.096083431615358,0.5404917299091592,중간,148
38,A02,1,0.43685379686003656,0.6373290888997996,4.878365523522594,4.572989703081546,-0.30537582044104816,0.8224050643289461,0.4242932395436583,171,4.990102080773003,0.9156475355203784,낮음,173
62,A03,1,0.7014283102746502,0.3940650508946577,4.634031381751259,4.3516706485707966,-0.28236073318046273,0.8224050643289461,0.41870920381027815,172,5.134440060520222,0.32747479160815857,높음,135
224,A08,1,0.6561647411459546,0.3655929649974158,4.849282685449907,4.492138270846668,-0.35714441460323876,0.8224050643289461,0.4163441323382691,173,5.426805201779062,0.6252193461449255,중간,68
107,A04,1,0.4924365457856646,0.655511686306659,4.430945637787056,4.328574797494439,-0.10237084029261734,0.8224050643289461,0.4163426025766171,174,4.994226681691332,0.3450836510010612,높음,169
163,A06,1,0.44218266580181514,0.6612573402476409,5.1464034716365585,4.424570775718799,-0.7218326959177599,0.8224050643289461,0.4149368612532831,175,5.011878286923057,0.9424461660553263,낮음,166
152,A06,1,0.4522694863997784,0.39270464141241884,4.943593634640919,4.915019997903854,-0.028573636737065478,0.8224050643289461,0.4148825547522112,176,5.315395465809671,0.6785600307885445,중간,91
284,A10,1,0.5578354753586784,0.535477668274746,4.727044096365914,4.374486234386748,-0.3525578619791654,0.8224050643289461,0.41347228512808465,177,5.458028215533966,0.47075193075361044,중간,62
151,A06,1,0.4278518126220135,0.6396209320077257,4.731876648685234,4.475551215650119,-0.2563254330351148,0.8224050643289461,0.4123421173519246,178,4.680839913762612,1.1559003556963763,낮음,262
15,A01,1,0.6261713808947942,0.20846750588346188,5.151087109627216,4.792336037748513,-0.3587510718787028,0.8224050643289461,0.40871949848881883,179,5.548965459630949,0.3668769605636446,높음,43
51,A02,1,0.47115142335082805,0.7108636955058817,4.519898883719347,4.199201999884764,-0.32069688383458317,0.8224050643289461,0.4086032388481745,180,4.797697881577244,0.6417184929398899,중간,225
294,A10,1,0.5080865485771756,0.44947968242918707,4.914490581949314,4.557716760022407,-0.35677382192690743,0.8224050643289461,0.4029391800357986,181,5.219367320079852,0.5733755274781245,중간,111
274,A10,1,0.8202483317699446,0.15686041298990955,4.506087527814439,4.369609176336879,-0.13647835147756027,0.8224050643289461,0.40284356319588527,182,4.7141488310323725,0.6383919482233784,중간,257
189,A07,1,0.5847707605608151,0.30533042216361234,4.7729823351115215,4.621471327990655,-0.15151100712086674,0.8224050643289461,0.39992747022017133,183,4.645121519763757,0.3947964818362027,중간,266
291,A10,1,0.42725043281682135,0.570027334144101,4.671873440615107,4.4862187445644235,-0.1856546960506833,0.8224050643289461,0.39938525574826034,184,4.858251296642101,0.7565811782065255,낮음,191
139,A05,1,0.6114937195539243,0.3628497334752168,4.730432068465115,4.435218516885454,-0.29521355157966056,0.8224050643289461,0.3986932431748248,185,4.566768924324529,0.46517258776394305,중간,277
289,A10,1,0.6424416482836571,0.3790072673107021,4.628114167496212,4.316745796266119,-0.31136837123009276,0.8224050643289461,0.3973096956860963,186,5.389545222567606,0.5389966378331774,중간,75
264,A09,1,0.6673923129686241,0.4512340761272137,4.117940267533272,4.075123444789708,-0.04281682274356413,0.8224050643289461,0.3928010332962155,187,5.081477034584356,0.38976134486821545,높음,153
103,A04,1,0.5374380353385463,0.5530245730534956,4.662885730421101,4.191262662342223,-0.47162306807887777,0.8224050643289461,0.3927793072921547,188,4.739637619614225,0.26659043178811115,높음,254
88,A03,1,0.5819364656572825,0.6584846635908785,4.263749775953911,3.879524535252764,-0.38422524070114683,0.8224050643289461,0.3924939301142346,189,4.962468592913065,0.3958400296262442,중간,175
278,A10,1,0.5623681052775317,0.3907505824105648,4.8345104131265115,4.438118539840691,-0.39639187328582093,0.8224050643289461,0.3922943675139537,190,5.144229379453224,0.2459286913435723,높음,132
207,A07,1,0.6946903416321617,0.3835194353362031,4.349493412921982,4.134060358270278,-0.2154330546517036,0.8224050643289461,0.39222741001821393,191,5.5292865464718295,0.7174469630483332,낮음,51
122,A05,1,0.5174263054061825,0.4799039592119122,4.7393697434552795,4.354041153005235,-0.38532859045004475,0.8224050643289461,0.39012363446130194,192,5.210635403632218,0.3769669587362445,높음,115
219,A08,1,0.5610431153099593,0.44231954713314586,4.495369773811488,4.302034282671501,-0.19333549113998671,0.8224050643289461,0.3880886872346113,193,4.7295733937622915,0.19120382834862942,높음,255
233,A08,1,0.6193869725041191,0.18435743768093793,5.126416786606953,4.589128669320354,-0.5372881172865984,0.8224050643289461,0.3810148614466208,194,5.152944127264042,0.4032819952352632,중간,126
37,A02,1,0.39411454635265125,0.674349897983967,4.459040017024366,4.1834416833219255,-0.27559833370244036,0.8224050643289461,0.3803980800993507,195,4.782199740187633,1.086242801493738,낮음,230
258,A09,1,0.8415967482189789,0.3726414590879884,3.9457901633665386,3.6720054882730837,-0.27378467509345494,0.8224050643289461,0.37860430037536047,196,5.3443157588837185,0.5471224857096966,중간,86
60,A03,1,0.39168374917483406,0.7282366107221047,4.365120288193575,4.067849740530841,-0.297270547662734,0.8224050643289461,0.3785160385270167,197,4.806523409161996,0.9925330176988376,낮음,222
203,A07,1,0.48356967236883663,0.45743165383530526,4.761755148919045,4.364105228031254,-0.3976499208877913,0.8224050643289461,0.3782143015850701,198,5.2575548964728025,0.252003845496352,높음,105
175,A06,1,0.536826778891303,0.5069173597926885,4.359745527868829,4.134760212885245,-0.22498531498358343,0.8224050643289461,0.37751407148342886,199,5.219066505581435,0.22564191618665394,높음,112
135,A05,1,0.26576748988414667,0.9573718870306507,4.112809663279867,3.907414639112173,-0.20539502416769384,0.8224050643289461,0.3761369697043146,200,4.838845222256864,0.8381451013544007,낮음,204
292,A10,1,0.4737737274354828,0.4515214542446509,4.769401559213637,4.365344754785501,-0.4040568044281363,0.8224050643289461,0.3747125092315132,201,5.298219315155248,0.48825015469362254,중간,93
188,A07,1,0.2759634921395756,0.7644046205032091,4.40892818924922,4.220519868268421,-0.18840832098079918,0.8224050643289461,0.37273705470377216,202,4.839518412657588,0.8480803063337307,낮음,203
201,A07,1,0.5346378249345732,0.4264840020058551,4.720885813584313,4.231553689457385,-0.4893321241269275,0.8224050643289461,0.3709719069742038,203,5.034098535600882,0.22106546615532335,높음,162
91,A04,1,0.4815236657296535,0.46578986505775394,4.749470696970137,4.252552671376564,-0.49691802559357345,0.8224050643289461,0.3677439061495186,204,5.309343769674919,0.3972339606445087,중간,92
276,A10,1,0.43166507589425124,0.8198547741328015,4.211594855709287,3.6824143307832258,-0.5291805249260615,0.8224050643289461,0.36664927742487563,205,4.871296209306865,0.7725791522661373,낮음,186
202,A07,1,0.4048687908708966,0.5706428673232913,4.693029703696533,4.223269049580412,-0.4697606541161212,0.8224050643289461,0.36649766003217943,206,4.763913451851775,1.0162396583602413,낮음,233
21,A01,1,0.4886970259200425,0.6661706255584984,4.194777044066389,3.8146213419405455,-0.3801557021258435,0.8224050643289461,0.36395441696915315,207,5.053955994937197,0.3523776061274942,높음,158
149,A05,1,0.344196500860795,0.6427060809518449,4.73402104673949,4.202327831882674,-0.5316932148568156,0.8224050643289461,0.3635588864213433,208,4.812982033613217,0.97445252432843,낮음,219
20,A01,1,0.6287568154389538,0.36591084443652366,4.602736949711673,4.044314359583941,-0.5584225901277318,0.8224050643289461,0.36286533899593926,209,5.14130431212325,0.23566201795925895,높음,134
53,A02,1,0.40754827650706593,0.6286882125952467,4.242868098367617,4.055994632765403,-0.18687346560221396,0.8224050643289461,0.36133647013576126,210,4.746160318011593,1.1020286026284545,낮음,248
7,A01,1,0.48624760520631877,0.4082112393546082,4.481731117668496,4.286421231677436,-0.19530988599106003,0.8224050643289461,0.3609403221540387,211,5.203149480708922,0.7096928223699405,낮음,118
4,A01,1,0.6509150883435799,0.27101727720774904,4.366571451552476,4.142529767265534,-0.2240416842869415,0.8224050643289461,0.3596661906983284,212,5.460307706084252,0.46528661494647955,중간,61
119,A04,1,0.3127997623696228,0.8300498652256265,4.421258950646223,3.8698961408245487,-0.5513628098216743,0.8224050643289461,0.35851893247955047,213,4.815007383431402,0.8339613774194505,낮음,217
277,A10,1,0.3666083283847,0.45853512206495334,4.568129215378774,4.427857174706445,-0.140272040672329,0.8224050643289461,0.3558414751789676,214,4.816154300794921,0.6946046941411083,낮음,215
72,A03,1,0.6290470258503625,0.3259596113677412,4.7604221137381995,4.050695172469605,-0.7097269412685945,0.8224050643289461,0.3556129123382063,215,5.6064784179607905,0.5566666744045257,중간,36
123,A05,1,0.5794857824500957,0.2329680961091223,4.487404301415168,4.3402530518735825,-0.14715124954158565,0.8224050643289461,0.35481377546273435,216,4.82657510690044,0.34362781987942786,높음,212
165,A06,1,0.38198009162442126,0.6632536426590234,4.367686259883692,3.9837412652937445,-0.3839449945899478,0.8224050643289461,0.35432433078643566,217,4.7431076483871735,0.9637976304084079,낮음,250
133,A05,1,0.4206913395248856,0.6117201125787888,4.18596277260617,3.9827935835053254,-0.2031691891008447,0.8224050643289461,0.35359663087761195,218,4.856793953691921,0.8808190677250086,낮음,193
290,A10,1,0.507074799819959,0.4189700295969881,4.350965427005429,4.129515437928618,-0.22144998907681046,0.8224050643289461,0.3519397873146184,219,4.471784123703258,0.3936282569547489,중간,284
145,A05,1,0.3888250738429388,0.8883562568078704,3.6398407980591427,3.5012395226235404,-0.1386012754356023,0.8224050643289461,0.35075018000370906,220,4.82788235607747,0.9603566296679245,낮음,211
159,A06,1,0.2561986900529557,0.7133257885813106,4.152238587728234,4.145479056320893,-0.00675953140734098,0.8224050643289461,0.3497562880344937,221,4.801756016244113,0.8695975907864191,낮음,223
85,A03,1,0.5461201609566751,0.48393339507461614,4.116711452460987,3.877603965320792,-0.23910748714019547,0.8224050643289461,0.3484293604704402,222,4.2624064500200305,0.41122289104706694,중간,298
129,A05,1,0.21191384907610594,0.877129619281433,4.2098735164120935,3.921835952312829,-0.2880375640992643,0.8224050643289461,0.34812868065903324,223,4.7998916426067515,0.988585561624356,낮음,224
68,A03,1,0.4122196411192645,0.6658102395501393,4.609571881539933,3.8422509892948566,-0.7673208922450767,0.8224050643289461,0.3476436770622938,224,4.808733321527282,1.1165857326843491,낮음,221
164,A06,1,0.43405478998370517,0.5203828269991875,4.49772433015582,4.048829623399555,-0.4488947067562652,0.8224050643289461,0.3455549932402867,225,5.282265770300334,0.786117913835401,낮음,100
69,A03,1,0.4489217558325437,0.6223048075561243,4.305228372891904,3.791619380282917,-0.5136089926089866,0.8224050643289461,0.3428392376197251,226,4.819676209825649,0.8616103323765019,낮음,214
262,A09,1,0.5028104866477257,0.39473840664178494,4.367513437591734,4.098164208596452,-0.26934922899528235,0.8224050643289461,0.34275868658116887,227,4.70844116742201,0.3783638539324397,높음,258
229,A08,1,0.7518312986669367,0.3376285701160613,3.726917365433682,3.5966957478563737,-0.1302216175773081,0.8224050643289461,0.3413085217872953,228,5.085496265938503,0.43512463249874245,중간,152
234,A08,1,0.59685355541229,0.43158027797322396,4.096935908495123,3.774327578104195,-0.32260833039092773,0.8224050643289461,0.3398744280004081,229,5.218216228471664,0.36450030434276826,높음,113
172,A06,1,0.22084530383878834,0.8277373066774968,4.368147538222826,3.9135275512158088,-0.4546199870070171,0.8224050643289461,0.339616842980365,230,4.831141103171156,0.8764306242501578,낮음,210
83,A03,1,0.2557013955772951,0.8397992430490777,3.844445851099048,3.7849005727001233,-0.05954527839892476,0.8224050643289461,0.33733252777283107,231,4.8517669582557765,0.9974657974457065,낮음,197
89,A03,1,0.4605024517148604,0.6384015026606432,4.040384760732972,3.6779986070358377,-0.36238615369713445,0.8224050643289461,0.33710758109678896,232,4.855194694938969,0.6511773308998152,중간,195
160,A06,1,0.3963368403714534,0.5583263756975541,4.18103266234445,3.9698220935503117,-0.2112105687941379,0.8224050643289461,0.3354768434418353,233,4.6286221669674825,0.8830318977057771,낮음,267
102,A04,1,0.5314405811356204,0.5422718714672272,4.1401637346660305,3.6683004150929834,-0.47186331957304706,0.8224050643289461,0.334605047943115,234,4.725428885625763,0.23771965402443804,높음,256
106,A04,1,0.38441374044013005,0.49601602443958326,4.5289567041007315,4.102306139038196,-0.42665056506253585,0.8224050643289461,0.3338468637244634,235,4.905428941063655,0.8585408136913925,낮음,181
116,A04,1,0.5165410752370125,0.45910589152194303,4.134140324705998,3.8485948476570484,-0.28554547704894917,0.8224050643289461,0.33304458043862806,236,4.286938227109882,0.3815307876618584,높음,297
157,A06,1,0.25260803677473526,0.6865393295738758,4.432787015818475,4.041768636101735,-0.3910183797167397,0.8224050643289461,0.3326884227103488,237,4.7575905315013935,0.8426460419558183,낮음,236
158,A06,1,0.19517572536399347,0.7555834778345935,4.569636742451324,4.028936827791152,-0.5406999146601716,0.8224050643289461,0.3308013225301064,238,4.837578290332923,0.8626497533281081,낮음,205
141,A05,1,0.11810536518123424,0.9332302026084216,3.954044039233632,3.871389166713051,-0.0826548725205809,0.8224050643289461,0.3306370644276979,239,4.750584660779892,0.9936802960435908,낮음,238
45,A02,1,0.5929592932565496,0.41519910186958103,3.9315057940176033,3.7225768856483428,-0.20892890836926048,0.8224050643289461,0.33022906921204254,240,5.3825177544208005,0.5451352068456026,중간,78
80,A03,1,0.41866504315974645,0.7245691854630187,3.72399338499988,3.5414404982113012,-0.18255288678857884,0.8224050643289461,0.3296441357306111,241,4.74588675350568,1.0055450492395241,낮음,249
104,A04,1,0.3065218327800905,0.66334585665548,4.153699611066695,3.9094950089380647,-0.24420460212862993,0.8224050643289461,0.3277372499508059,242,4.855510792463957,0.8529088465178848,낮음,194
90,A04,1,0.4134681489725163,0.6068966364446212,4.228989713913444,3.739622667299153,-0.4893670466142912,0.8224050643289461,0.3254729934068957,243,4.808838162866535,0.9752848829471359,낮음,220
194,A07,1,0.44283140800949905,0.3326224180631825,4.513507535603925,4.191610735129065,-0.32189680047486036,0.8224050643289461,0.3250835097379695,244,5.439428025228767,0.5912775653899663,중간,65
263,A09,1,0.49183105273469335,0.5633336618671051,3.9619671983264864,3.619602096844422,-0.34236510148206456,0.8224050643289461,0.3238377082476249,245,5.27774349583411,0.5981440389460777,중간,102
79,A03,1,0.4928598500029702,0.4809766546244992,3.762149893381268,3.7516941906781653,-0.010455702703102698,0.8224050643289461,0.32139550652023907,246,4.34049582767593,0.44260202036263974,중간,293
75,A03,1,0.47681887144887203,0.5259837664848747,3.9906414904109915,3.6787097018214068,-0.3119317885895847,0.8224050643289461,0.31877727796115446,247,5.292048024697826,0.3910578566892058,중간,96
171,A06,1,0.3228015707637217,0.7766929577642046,4.017610952549627,3.564675491896659,-0.45293546065296786,0.8224050643289461,0.31852551637697296,248,4.859453865398549,0.8642414153809184,낮음,190
186,A07,1,0.37972555905262917,0.7701253736366316,3.8612216215165303,3.4224245322093503,-0.43879708930718,0.8224050643289461,0.3166118268130364,249,4.833349133813709,0.873567205907075,낮음,209
134,A05,1,0.21803658147548668,0.8314000083797238,4.201023445866318,3.6910188043651004,-0.5100046415012178,0.8224050643289461,0.3164483082117925,250,4.836468181480554,0.8710605814753971,낮음,207
174,A06,1,0.31437565793462136,0.6827086560128809,4.153179121839223,3.7444949213268695,-0.40868420051235343,0.8224050643289461,0.31637025866891066,251,4.7575905315013935,0.8426460419558183,낮음,237
261,A09,1,0.5111562470437883,0.4018904267740848,4.032152823647172,3.8035474667823443,-0.2286053568648274,0.8224050643289461,0.31555861367135685,252,4.510505748613702,0.39883810864610025,중간,282
299,A10,1,0.5883877653610616,0.26983474648747996,4.3684226275900535,3.847923673137514,-0.5204989544525396,0.8224050643289461,0.3130820469074528,253,5.508907774697341,0.31237446591185486,높음,56
93,A04,1,0.535803649149107,0.20869260414689084,4.4585231508236545,4.089855877153851,-0.36866727366980356,0.8224050643289461,0.3129315851211951,254,4.510640413920294,0.4873602434811012,중간,281
118,A04,1,0.5550861824997444,0.2667071600049633,4.433160370210855,3.912898471859763,-0.5202618983510918,0.8224050643289461,0.31090544512262813,255,5.192038178156115,0.31598282339699735,높음,120
143,A05,1,0.20219415620522843,0.7345999967612267,4.375551048648911,3.849345777682493,-0.5262052709664182,0.8224050643289461,0.3096349641403985,256,4.781179168824697,0.956822096943319,낮음,231
232,A08,1,0.5181535159130781,0.3776632724100283,4.2149646462391,3.7742798640786432,-0.4406847821604565,0.8224050643289461,0.30941104232023375,257,5.153521451160279,0.2603983140907579,높음,125
125,A05,1,0.2977548055042739,0.8183411472467274,3.750980706797711,3.4503191339071426,-0.30066157289056816,0.8224050643289461,0.3086706009406859,258,4.750584660779892,0.9936802960435908,낮음,239
285,A10,1,0.5349133433961735,0.36794829833669457,4.412672924915021,3.7425867581682795,-0.6700861667467413,0.8224050643289461,0.30835366227125616,259,5.146722474767432,0.2743048407067014,높음,130
150,A06,1,0.3673640101535817,0.6022902162882785,3.9710076445332874,3.684696807266507,-0.2863108372667802,0.8224050643289461,0.3072990717788585,260,4.841435705627869,0.8728503089751044,낮음,201
111,A04,1,0.19530529277019715,0.9012431434199832,3.9500444948793865,3.518251194292246,-0.4317933005871404,0.8224050643289461,0.3067212590817425,261,4.750584660779892,0.9936802960435908,낮음,240
36,A02,1,0.48437652069511905,0.5188137202640127,4.030653280105534,3.548852360004061,-0.48180092010147346,0.8224050643289461,0.3056936772011809,262,5.395512535452894,0.3293157381405965,높음,73
260,A09,1,0.6199245330598971,0.4956307357300366,3.7847142313449664,3.253275692270111,-0.5314385390748555,0.8224050643289461,0.3041270839019623,263,4.535931202782657,0.35673149601178245,높음,279
47,A02,1,0.7795910090384813,0.003485367788526733,4.487620490894498,3.80764046213975,-0.679980028754748,0.8224050643289461,0.30341303050750346,264,5.599538266504355,0.3341456117195488,높음,38
115,A04,1,0.37630735343266997,0.8440397473349324,3.3022009671492576,3.161617401974817,-0.14058356517444048,0.8224050643289461,0.30334824335959765,265,4.836708322122349,0.999583436579679,낮음,206
52,A02,1,0.2897789025702117,0.6145917787141854,4.251567419926706,3.7944750871099253,-0.4570923328167811,0.8224050643289461,0.30180865623097897,266,4.841587902210456,0.8697334412336899,낮음,200
67,A03,1,0.2822211497863541,0.7972286343634563,3.678408923900914,3.433317105968193,-0.24509181793272106,0.8224050643289461,0.2987920428717654,267,4.849356341862708,0.8790914872447603,낮음,199
142,A05,1,0.0,1.0,3.881483405704663,3.6372591987971234,-0.24422420690753954,0.8224050643289461,0.29005415266028617,268,4.867701424390306,0.8689281347098851,낮음,188
108,A04,1,0.5571814021616054,0.10945928415096595,4.1700227214111845,4.004212932239116,-0.16580978917206846,0.8224050643289461,0.28950017491193986,269,4.579904463904716,0.534534776951443,중간,275
131,A05,1,0.3965019763949942,0.47452610194688016,3.9716899753266715,3.6769263870918167,-0.2947635882348547,0.8224050643289461,0.28822059183387355,270,4.60905436911167,0.7977353100954249,낮음,272
120,A05,1,0.24795399556082073,0.6607849426706155,3.7860715712816324,3.6439571326411793,-0.14211443864045314,0.8224050643289461,0.28489797065784955,271,4.814760307259256,0.8783619457178612,낮음,218
293,A10,1,0.24538041617648645,0.6260154246001043,4.345507115019634,3.7137362407353516,-0.6317708742842827,0.8224050643289461,0.28457588358221386,272,4.919885907581051,1.170595661337682,낮음,180
130,A05,1,0.37324988164910905,0.4013914664349821,4.223758421988213,3.8308461015492674,-0.392912320438946,0.8224050643289461,0.28382840218029387,273,4.289465994009766,0.6834650817370957,낮음,296
187,A07,1,0.24388310080094175,0.6257287560481875,4.144159394148982,3.6578763530677207,-0.4862830410812613,0.8224050643289461,0.27832023585818866,274,4.857654844961114,0.83078937801971,낮음,192
156,A06,1,0.23728334742946128,0.717571200116523,4.2745265852150185,3.4921361367456782,-0.7823904484693402,0.8224050643289461,0.2777586126266131,275,4.741850040616101,0.8326423348493392,낮음,252
65,A03,1,0.5147783370776863,0.4713617974064416,3.577081805291088,3.271632033162414,-0.3054497721286742,0.8224050643289461,0.2749005902798982,276,4.302385091896734,0.4219691252655429,중간,295
99,A04,1,0.26588126867014805,0.6182765879528003,4.038675250001314,3.5848834374229037,-0.4537918125784106,0.8224050643289461,0.27471905933183394,277,4.789034104632893,0.9978325465512389,낮음,228
275,A10,1,0.6153886213094326,0.36507549909465453,3.3050560704036505,3.201645526879003,-0.10341054352464729,0.8224050643289461,0.27149906683214864,278,4.527002228255518,0.47495544617152474,중간,280
98,A04,1,0.24629943523802275,0.6148048088939666,3.962105006163239,3.5630188700722285,-0.3990861360910105,0.8224050643289461,0.2668496323430641,279,4.789034104632893,0.9978325465512389,낮음,229
127,A05,1,0.045805851322763234,0.7635264409757897,3.767536261003458,3.753869892391479,-0.01366636861197934,0.8224050643289461,0.2663688040773666,280,4.750584660779892,0.9936802960435908,낮음,241
84,A03,1,0.3081329821433062,0.6991232316307779,3.3793104715835276,3.216772799952719,-0.16253767163080868,0.8224050643289461,0.26307188205139276,281,4.824201402721059,0.8780895724821339,낮음,213
66,A03,1,0.33151170076262637,0.5681614454558792,3.7261879241855262,3.4098137784959497,-0.31637414568957656,0.8224050643289461,0.26285077190869216,282,4.3747893184759405,0.8673875559047398,낮음,289
140,A05,1,0.3188870383928075,0.5853670299729731,3.579853622623998,3.4024003477162355,-0.17745327490776264,0.8224050643289461,0.26236279450961364,283,4.747092193447951,0.7642947504154303,낮음,247
114,A04,1,0.29111030060716186,0.7767449496931293,3.4961620034343732,3.08837088514422,-0.40779111829015324,0.8224050643289461,0.26095329513955523,284,4.750584660779892,0.9936802960435908,낮음,242
97,A04,1,0.11117145034388806,0.809458522579294,3.7067363224999577,3.3971636465235826,-0.30957267597637506,0.8224050643289461,0.25470621443225594,285,4.750584660779892,0.9936802960435908,낮음,243
128,A05,1,0.1242163018581444,0.8609265828222965,3.648168354060632,3.2450894141357205,-0.4030789399249115,0.8224050643289461,0.2524056892842697,286,4.8517669582557765,0.9974657974457065,낮음,198
95,A04,1,0.22965512880302483,0.8718028442147976,3.443072501618386,2.955259573877822,-0.48781292774056384,0.8224050643289461,0.25072281647200645,287,4.750584660779892,0.9936802960435908,낮음,244
126,A05,1,0.26487517058894844,0.7702768882307265,3.137949863090248,3.014882688701444,-0.1230671743888041,0.8224050643289461,0.24543897719685714,288,4.79743938536444,0.988585561624356,낮음,226
144,A05,1,0.2367979897597863,0.639314367893632,3.896494080999176,3.3243508018641714,-0.5721432791350045,0.8224050643289461,0.2444925077827447,289,4.834886200968507,0.8689591892291992,낮음,208
173,A06,1,0.2109945110917299,0.5963729392523619,3.8072388966525197,3.468120842803871,-0.3391180538486487,0.8224050643289461,0.2444429025145739,290,4.8649675151696,0.8203971785013336,낮음,189
94,A04,1,0.3390237629637993,0.69189308754674,3.520084968552644,2.9599402246412945,-0.5601447439113496,0.8224050643289461,0.24257103111593725,291,4.815443591641235,0.9879718878951067,낮음,216
124,A05,1,0.45517643908055827,0.5722759643909143,3.1564959090796094,2.8771813877904835,-0.2793145212891259,0.8224050643289461,0.239057289875874,292,4.68963430576613,0.6285140990746667,중간,261
105,A04,1,0.3150683091299214,0.38724666967193366,4.094732112651156,3.535525296996667,-0.5592068156544894,0.8224050643289461,0.2356637266620012,293,4.4860214453519776,0.6286661276638428,중간,283
109,A04,1,0.2961928831253697,0.6621043074114079,3.5856084589473314,2.993017666858271,-0.5925907920890605,0.8224050643289461,0.2293542289624683,294,4.762351859667067,0.9996444622506218,낮음,234
96,A04,1,0.13109498838124028,0.679830692358286,3.891438308537091,3.3177393366656056,-0.5736989718714853,0.8224050643289461,0.225480707030301,295,4.762351859667067,0.9999474063543774,낮음,235
113,A04,1,0.08268791107084245,0.9657865714174309,3.4424547198390476,2.8053202239970423,-0.6371344958420053,0.8224050643289461,0.21714499152649594,296,4.750584660779892,0.9936802960435908,낮음,245
82,A03,1,0.21526020328355894,0.5430474853326064,3.8504015139759296,3.2676826615469805,-0.582718852428949,0.8224050643289461,0.21394643057892399,297,4.368283875420439,0.9086826279730652,낮음,290
112,A04,1,0.09797534043413719,0.8210109853086474,3.3696415444486805,2.9602201431088013,-0.40942140133987914,0.8224050643289461,0.20816168950210195,298,4.750584660779892,0.9936802960435908,낮음,246
110,A04,1,0.3153416674767603,0.5430582391071687,2.931284201106799,2.7735181855592277,-0.1577660155475713,0.8224050643289461,0.1874470646906238,299,4.368283875420439,0.9086826279730652,낮음,291
81,A03,1,0.2369615411620494,0.5025646096625013,3.2821834209352105,2.984213913273021,-0.2979695076621893,0.8224050643289461,0.18172056932774971,300,4.408189215315986,0.8408158710715199,낮음,287
