cell_id,sigungu,dong,x_m,y_m,n_poi,n_food,n_infra,pop_offpeak,pop_peak,orders_per_hour,hub_minutes,bundle,cost_per_order,margin_per_order,cell_margin_per_hour,outside_offpeak,outside_peak,infra_walk_min,infra_weak,is_hub
0,서대문구,신촌동,949750.0,1950750.0,90,15,3,1713.6441,1365.6809,2.0564,2.6034,1.3427,3363.3497,1136.6503,2337.3769,False,True,5.383,True,False
1,서대문구,신촌동,950250.0,1950750.0,617,135,46,11747.9823,9362.5015,14.0976,1.8409,2.0,2752.2727,1747.7273,24638.7228,False,False,1.7442,False,False
2,서대문구,신촌동,950750.0,1950750.0,106,25,9,2018.2919,1608.4687,2.422,2.6034,1.4037,3312.8514,1187.1486,2875.215,False,False,4.3516,False,False
3,서대문구,신촌동,951250.0,1950750.0,14,2,1,266.5669,212.4393,0.3199,4.1164,1.0533,4544.828,-44.828,-14.3396,True,True,5.0486,False,False
4,서대문구,신촌동,949250.0,1951250.0,95,23,1,1808.8465,1441.5521,2.1706,3.6818,1.3618,3822.2211,677.7789,1471.1976,False,True,5.2393,True,False
5,서대문구,신촌동,949750.0,1951250.0,654,59,9,12452.4804,9923.9481,14.943,1.8409,2.0,2752.2727,1747.7273,26116.2476,False,True,0.819,False,False
6,서대문구,신촌동,950250.0,1951250.0,887,546,72,16888.9146,13459.5443,20.2667,0.0,2.0,2200.0,2300.0,46613.4042,False,False,0.4064,False,True
7,서대문구,신촌동,950750.0,1951250.0,743,232,35,14147.084,11274.4548,16.9765,1.8409,2.0,2752.2727,1747.7273,29670.2935,False,False,1.7921,False,False
8,서대문구,신촌동,951250.0,1951250.0,348,117,19,6626.0905,5280.6329,7.9513,3.6818,2.0,3304.5455,1195.4545,9505.428,False,False,3.2403,False,False
9,서대문구,북아현동,951750.0,1951250.0,245,64,20,43255.4895,26964.2918,51.9066,4.1164,2.0,3434.9194,1065.0806,55284.7013,False,True,3.7084,False,False
10,서대문구,북아현동,952250.0,1951250.0,256,46,14,45197.5727,28174.9335,54.2371,2.6034,2.0,2981.0316,1518.9684,82384.4226,False,False,3.9464,False,False
11,서대문구,충현동,952750.0,1951250.0,263,108,5,11632.3838,7789.6987,13.9589,1.8409,2.0,2752.2727,1747.7273,24396.2813,False,False,1.7906,False,False
12,서대문구,연희동,949250.0,1951750.0,78,28,8,1242.6599,1235.0676,1.4912,4.1164,1.2485,4178.1942,321.8058,479.8742,False,True,4.8112,False,False
13,서대문구,연희동,949750.0,1951750.0,246,68,18,3919.1582,3895.2132,4.703,2.6034,1.7838,3075.6786,1424.3214,6698.5691,False,True,2.2168,False,False
14,서대문구,신촌동,950750.0,1951750.0,93,54,3,1770.7656,1411.2036,2.1249,2.6034,1.3542,3353.5351,1146.4649,2436.1447,False,False,0.682,False,False
15,서대문구,신촌동,951250.0,1951750.0,60,22,1,1142.4294,910.454,1.3709,4.1164,1.2285,4210.4738,289.5262,396.9158,False,True,4.7626,False,False
16,서대문구,충현동,951750.0,1951750.0,214,48,7,9465.1336,6338.386,11.3582,3.6818,2.0,3304.5455,1195.4545,13578.1644,False,True,3.3024,False,False
17,서대문구,충현동,952250.0,1951750.0,121,23,4,5351.7811,3583.8538,6.4221,1.8409,2.0,2752.2727,1747.7273,11224.1446,False,False,1.3387,False,False
18,서대문구,충현동,952750.0,1951750.0,505,214,33,22335.9461,14957.4062,26.8031,0.0,2.0,2200.0,2300.0,61647.2112,False,False,0.4613,False,True
19,서대문구,충현동,953250.0,1951750.0,32,25,2,1415.3471,947.796,1.6984,1.8409,1.2831,3060.8618,1439.1382,2444.256,False,True,3.7053,False,False
20,서대문구,남가좌1동,948250.0,1952250.0,216,64,36,3296.6639,3826.4767,3.956,5.5227,1.6593,4196.9691,303.0309,1198.7891,False,True,3.1223,False,False
21,서대문구,연희동,948750.0,1952250.0,66,8,1,1051.4815,1045.0572,1.2618,5.8215,1.2103,5085.9705,-585.9705,-739.3646,True,True,4.6489,False,False
22,서대문구,연희동,949250.0,1952250.0,184,46,3,2931.4029,2913.4928,3.5177,5.2069,1.5863,4169.4664,330.5336,1162.7125,False,False,3.084,False,False
23,서대문구,연희동,949750.0,1952250.0,705,229,46,11231.7338,11163.1111,13.4781,4.1164,2.0,3434.9194,1065.0806,14355.2426,False,False,0.9826,False,False
24,서대문구,연희동,950250.0,1952250.0,23,2,1,366.4254,364.1866,0.4397,3.6818,1.0733,4258.2518,241.7482,106.2992,False,True,5.2954,True,False
25,서대문구,신촌동,950750.0,1952250.0,73,31,3,1389.9558,1107.719,1.6679,4.1164,1.278,4132.5945,367.4055,612.8128,False,True,3.2979,False,False
26,서대문구,신촌동,951250.0,1952250.0,56,6,3,1066.2674,849.757,1.2795,5.2069,1.2133,4774.9988,-274.9988,-351.8668,True,True,1.2231,False,False
27,서대문구,충현동,951750.0,1952250.0,10,1,0,442.296,296.1863,0.5308,4.1164,1.0885,4469.1147,30.8853,16.3925,False,True,7.536,True,False
28,서대문구,천연동,952250.0,1952250.0,205,46,12,4099.5441,4676.0331,4.9195,2.6034,1.8199,3058.3195,1441.6805,7092.2796,False,False,2.0842,False,False
29,서대문구,천연동,952750.0,1952250.0,369,164,29,7379.1794,8416.8595,8.855,1.8409,2.0,2752.2727,1747.7273,15476.1518,False,False,0.5921,False,False
30,종로구,사직동,953250.0,1952250.0,150,58,3,2162.7017,1431.5349,2.5952,2.6034,1.4325,3290.4148,1209.5852,3139.1664,False,True,1.3691,False,False
31,종로구,사직동,953750.0,1952250.0,329,78,28,4743.5257,3139.8333,5.6922,4.1164,1.9487,3467.4256,1032.5744,5877.6521,False,True,2.2359,False,False
32,종로구,종로1.2.3.4가동,954250.0,1952250.0,388,138,20,5592.0757,3591.9546,6.7105,2.6034,2.0,2981.0316,1518.9684,10193.0236,False,True,1.9266,False,False
33,종로구,종로1.2.3.4가동,954750.0,1952250.0,1138,427,91,16401.5003,10535.1657,19.6818,1.8409,2.0,2752.2727,1747.7273,34398.4193,False,False,0.8598,False,False
34,종로구,종로1.2.3.4가동,955250.0,1952250.0,597,100,24,8604.302,5526.7961,10.3252,2.6034,2.0,2981.0316,1518.9684,15683.5956,False,True,1.5309,False,False
35,종로구,종로1.2.3.4가동,955750.0,1952250.0,509,100,10,7335.9962,4712.126,8.8032,4.1164,2.0,3434.9194,1065.0806,9376.113,False,True,4.0938,False,False
36,종로구,종로5.6가동,956250.0,1952250.0,536,147,19,11361.3762,6571.2028,13.6337,5.5227,2.0,3856.8182,643.1818,8768.9168,False,True,3.836,False,False
37,종로구,창신1동,956750.0,1952250.0,215,37,8,1682.2994,1332.4758,2.0188,5.8215,1.3365,4813.5311,-313.5311,-632.9438,True,True,3.7403,False,False
38,종로구,창신1동,957250.0,1952250.0,162,26,1,1267.593,1004.005,1.5211,6.6375,1.2535,5377.0532,-877.0532,-1334.0958,True,True,3.0664,False,False
39,서대문구,북가좌1동,947250.0,1952750.0,12,0,0,767.4773,918.0288,0.921,5.2069,1.1535,4908.3993,-408.3993,-376.1247,True,True,5.786,True,False
40,서대문구,북가좌1동,947750.0,1952750.0,58,20,4,3709.4736,4437.1391,4.4514,4.1164,1.7419,3617.9036,882.0964,3926.5362,False,True,0.503,False,False
41,서대문구,남가좌1동,948250.0,1952750.0,225,72,22,3434.0249,3985.9132,4.1208,3.6818,1.6868,3509.6303,990.3697,4081.1451,False,True,2.4292,False,False
42,서대문구,남가좌1동,948750.0,1952750.0,189,56,9,2884.581,3348.1671,3.4615,4.1164,1.5769,3766.246,733.754,2539.8873,False,False,2.2704,False,False
43,서대문구,연희동,949250.0,1952750.0,102,17,4,1625.0168,1615.0884,1.95,5.2069,1.325,4557.8252,-57.8252,-112.7603,True,False,3.8686,False,False
44,서대문구,연희동,949750.0,1952750.0,114,26,3,1816.1952,1805.0988,2.1794,5.8215,1.3632,4762.1914,-262.1914,-571.429,True,False,2.7287,False,False
45,서대문구,연희동,950250.0,1952750.0,186,49,5,2963.2659,2945.1612,3.5559,5.5227,1.5927,4280.5762,219.4238,780.2532,False,False,0.7119,False,False
46,서대문구,천연동,951750.0,1952750.0,22,3,2,439.9511,501.8182,0.5279,5.2069,1.088,5071.4655,-571.4655,-301.7002,True,True,2.7218,False,False
47,종로구,교남동,952250.0,1952750.0,246,70,23,5041.7939,4744.7341,6.0502,4.1164,2.0,3434.9194,1065.0806,6443.9005,False,True,0.8706,False,False
48,종로구,교남동,952750.0,1952750.0,142,24,5,2910.3038,2738.8303,3.4924,2.6034,1.5821,3187.3598,1312.6402,4584.2182,False,True,4.1923,False,False
49,종로구,사직동,953250.0,1952750.0,502,227,27,7237.8417,4790.8703,8.6854,1.8409,2.0,2752.2727,1747.7273,15179.728,False,True,0.8138,False,False
50,종로구,사직동,953750.0,1952750.0,785,316,24,11318.1389,7491.6995,13.5818,2.6034,2.0,2981.0316,1518.9684,20630.2747,False,True,2.8715,False,False
51,종로구,종로1.2.3.4가동,954250.0,1952750.0,1648,529,73,23751.909,15256.5493,28.5023,1.8409,2.0,2752.2727,1747.7273,49814.231,False,False,0.2276,False,False
52,종로구,종로1.2.3.4가동,954750.0,1952750.0,1773,580,45,25553.4798,16413.7512,30.6642,0.0,2.0,2200.0,2300.0,70527.6043,False,False,1.1267,False,True
53,종로구,종로1.2.3.4가동,955250.0,1952750.0,786,281,9,11328.277,7276.4853,13.5939,1.8409,2.0,2752.2727,1747.7273,23758.4864,False,False,1.9354,False,False
54,종로구,종로1.2.3.4가동,955750.0,1952750.0,953,221,25,13735.1756,8822.507,16.4822,3.6818,2.0,3304.5455,1195.4545,19703.7337,False,True,1.6674,False,False
55,종로구,종로5.6가동,956250.0,1952750.0,602,196,60,12760.3517,7380.3435,15.3124,3.6818,2.0,3304.5455,1195.4545,18305.3045,False,True,1.9332,False,False
56,종로구,창신2동,956750.0,1952750.0,578,205,41,4679.8501,5174.7451,5.6158,4.1164,1.936,3475.7629,1024.2371,5751.9314,False,True,0.9871,False,False
57,종로구,창신1동,957250.0,1952750.0,815,182,72,6377.0883,5051.0129,7.6525,5.2069,2.0,3762.0632,737.9368,5647.0661,False,True,0.7552,False,False
58,종로구,숭인2동,957750.0,1952750.0,485,107,21,9635.5529,7516.2108,11.5627,6.6375,2.0,4191.2476,308.7524,3569.9997,False,True,1.6061,False,False
59,은평구,증산동,946750.0,1953250.0,13,7,0,255.9846,290.1925,0.3072,5.8215,1.0512,5522.7641,-1022.7641,-314.1742,True,True,6.6415,True,False
60,서대문구,북가좌1동,947250.0,1953250.0,109,36,10,6971.2521,8338.7614,8.3655,4.1164,2.0,3434.9194,1065.0806,8909.9348,False,True,1.0703,False,False
61,서대문구,북가좌2동,947750.0,1953250.0,254,50,25,5758.1411,6850.4017,6.9098,2.6034,2.0,2981.0316,1518.9684,10495.7214,False,True,1.789,False,False
62,서대문구,북가좌2동,948250.0,1953250.0,172,37,11,3899.2137,4638.8547,4.6791,1.8409,1.7798,2820.586,1679.414,7858.0729,False,False,0.9811,False,False
63,서대문구,남가좌2동,948750.0,1953250.0,244,67,23,6240.6701,6925.8194,7.4888,2.6034,2.0,2981.0316,1518.9684,11375.2569,False,False,1.4553,False,False
64,서대문구,남가좌2동,949250.0,1953250.0,461,177,35,11790.7742,13085.2572,14.1489,4.1164,2.0,3434.9194,1065.0806,15069.7504,False,False,1.2797,False,False
65,서대문구,연희동,949750.0,1953250.0,187,46,6,2979.1975,2960.9954,3.575,5.8215,1.5958,4388.7411,111.2589,397.7548,False,False,0.9254,False,False
66,서대문구,연희동,950250.0,1953250.0,134,28,2,2134.826,2121.7828,2.5618,5.8215,1.427,4647.7678,-147.7678,-378.5502,True,False,1.8376,False,False
67,서대문구,홍제1동,951750.0,1953250.0,12,3,0,536.9164,610.7511,0.6443,5.5227,1.1074,5192.3121,-692.3121,-446.0564,True,True,6.3017,True,False
68,종로구,무악동,952250.0,1953250.0,62,9,8,5246.8357,5758.0793,6.2962,3.6818,2.0,3304.5455,1195.4545,7526.8243,False,True,4.507,False,False
69,종로구,사직동,952750.0,1953250.0,25,7,0,360.4503,238.5892,0.4325,1.8409,1.0721,3230.273,1269.727,549.2081,False,True,6.7631,True,False
70,종로구,사직동,953250.0,1953250.0,1030,434,42,14850.5517,9829.8733,17.8207,0.0,2.0,2200.0,2300.0,40987.5228,False,True,1.9596,False,True
71,종로구,사직동,953750.0,1953250.0,100,32,0,1441.8011,954.3566,1.7302,1.8409,1.2884,3057.3266,1442.6734,2496.0578,False,True,5.7412,True,False
72,종로구,삼청동,954250.0,1953250.0,361,128,7,4186.1052,2527.9616,5.0233,2.6034,1.8372,3050.2315,1449.7685,7282.6603,False,True,3.147,False,False
73,종로구,가회동,954750.0,1953250.0,551,231,19,6008.36,3198.232,7.21,1.8409,2.0,2752.2727,1747.7273,12601.1695,False,False,1.0044,False,False
74,종로구,종로1.2.3.4가동,955250.0,1953250.0,139,31,2,2003.3467,1286.8085,2.404,2.6034,1.4007,3315.2262,1184.7738,2848.2152,False,True,4.536,False,False
75,종로구,이화동,955750.0,1953250.0,152,35,5,7148.8641,4798.9401,8.5786,2.6034,2.0,2981.0316,1518.9684,13030.6785,False,True,3.2562,False,False
76,종로구,이화동,956250.0,1953250.0,295,105,11,13874.4401,9313.7325,16.6493,1.8409,2.0,2752.2727,1747.7273,29098.4849,False,False,0.3143,False,False
77,종로구,창신2동,956750.0,1953250.0,143,27,1,1157.8176,1280.257,1.3894,2.6034,1.2316,3468.3578,1031.6422,1433.3442,False,True,1.2877,False,False
78,종로구,숭인1동,957250.0,1953250.0,177,42,12,8107.1454,8485.9251,9.7286,4.1164,2.0,3434.9194,1065.0806,10361.7163,False,True,0.5184,False,False
79,종로구,숭인2동,957750.0,1953250.0,178,52,9,3536.3472,2758.5269,4.2436,5.8215,1.7073,4245.8864,254.1136,1078.3605,False,True,2.1621,False,False
80,은평구,수색동,946250.0,1953750.0,39,10,1,1441.4087,1601.128,1.7297,7.3636,1.2883,5629.5152,-1129.5152,-1953.7117,True,True,4.1869,False,False
81,은평구,수색동,946750.0,1953750.0,174,54,12,6430.9005,7143.494,7.7171,5.5227,2.0,3856.8182,643.1818,4963.4859,False,True,0.747,False,False
82,은평구,증산동,947250.0,1953750.0,88,24,1,1732.8187,1964.3803,2.0794,3.6818,1.3466,3840.5394,659.4606,1371.2707,False,True,3.3124,False,False
83,은평구,증산동,947750.0,1953750.0,229,66,11,4509.2668,5111.8532,5.4111,1.8409,1.9019,2780.7732,1719.2268,9302.9427,False,False,1.639,False,False
84,서대문구,북가좌2동,948250.0,1953750.0,451,139,51,10224.1009,12163.5084,12.2689,0.0,2.0,2200.0,2300.0,28218.5186,False,False,0.7442,False,True
85,서대문구,북가좌2동,948750.0,1953750.0,169,40,5,3831.2041,4557.9444,4.5974,1.8409,1.7662,2825.3651,1674.6349,7699.0415,False,False,1.3869,False,False
86,서대문구,홍은2동,949250.0,1953750.0,416,151,33,8671.1391,9295.1947,10.4054,3.6818,2.0,3304.5455,1195.4545,12439.1432,False,False,0.4317,False,False
87,서대문구,홍은2동,949750.0,1953750.0,29,4,3,604.4784,647.9823,0.7254,5.2069,1.1209,4987.1695,-487.1695,-353.3802,True,False,2.2888,False,False
88,서대문구,홍은2동,950250.0,1953750.0,179,61,18,3731.0911,3999.615,4.4773,4.1164,1.7462,3614.3929,885.6071,3965.1368,False,False,0.1844,False,False
89,서대문구,홍제1동,950750.0,1953750.0,11,1,1,492.1733,559.8551,0.5906,3.6818,1.0984,4211.1264,288.8736,170.6111,False,True,6.0732,True,False
90,서대문구,홍제1동,951250.0,1953750.0,101,20,11,4519.046,5140.4882,5.4229,4.1164,1.9038,3497.3142,1002.6858,5437.4198,False,True,3.0262,False,False
91,서대문구,홍제2동,951750.0,1953750.0,49,4,2,819.5569,1084.9404,0.9835,5.2069,1.1639,4884.1617,-384.1617,-377.8108,True,True,4.0608,False,False
92,종로구,청운효자동,952750.0,1953750.0,129,30,1,3435.461,2675.6255,4.1226,2.6034,1.6871,3125.8908,1374.1092,5664.8383,False,True,2.2463,False,False
93,종로구,청운효자동,953250.0,1953750.0,489,147,11,13022.7941,10142.4873,15.6274,1.8409,2.0,2752.2727,1747.7273,27312.351,False,True,1.8536,False,False
94,종로구,청운효자동,953750.0,1953750.0,6,1,0,159.7889,124.4477,0.1917,2.6034,1.032,3713.689,786.311,150.7725,False,True,6.8074,True,False
95,종로구,삼청동,954250.0,1953750.0,371,92,6,4302.0638,2597.9882,5.1625,4.1164,1.8604,3527.5757,972.4243,5020.1178,False,True,1.0164,False,False
96,종로구,가회동,954750.0,1953750.0,324,47,8,3533.0465,1880.6301,4.2397,3.6818,1.7066,3494.4327,1005.5673,4263.2592,False,True,1.5668,False,False
97,종로구,혜화동,955750.0,1953750.0,780,389,50,16167.7025,16849.0459,19.4012,1.8409,2.0,2752.2727,1747.7273,33908.0816,False,False,0.7601,False,False
98,종로구,이화동,956250.0,1953750.0,705,240,38,33157.5603,22258.242,39.7891,0.0,2.0,2200.0,2300.0,91514.8665,False,False,1.547,False,True
99,종로구,창신3동,956750.0,1953750.0,18,2,2,1149.8282,1466.0368,1.3798,1.8409,1.23,3098.0295,1401.9705,1934.4303,False,True,3.4332,False,False
100,종로구,창신3동,957250.0,1953750.0,34,5,1,2171.8978,2769.1807,2.6063,3.6818,1.4344,3740.1021,759.8979,1980.5048,False,True,4.6844,False,False
101,은평구,수색동,945750.0,1954250.0,10,1,1,369.592,410.5456,0.4435,9.3868,1.0739,7444.4384,-2944.4384,-1305.889,True,True,4.4857,False,False
102,은평구,수색동,946250.0,1954250.0,41,7,3,1515.3271,1683.2371,1.8184,7.5903,1.3031,5694.957,-1194.957,-2172.9008,True,True,1.4556,False,False
103,은평구,수색동,946750.0,1954250.0,55,17,3,2032.7559,2258.001,2.4393,5.8215,1.4066,4683.2935,-183.2935,-447.1092,True,True,4.0922,False,False
104,은평구,수색동,947250.0,1954250.0,15,1,0,554.388,615.8185,0.6653,4.1164,1.1109,4423.3221,76.6779,51.0112,False,True,5.4638,True,False
105,은평구,증산동,947750.0,1954250.0,199,47,10,3918.5331,4442.1781,4.7022,2.6034,1.7837,3075.74,1424.26,6697.2122,False,True,1.3654,False,False
106,은평구,응암3동,948250.0,1954250.0,306,99,26,3418.4187,4088.0379,4.1021,1.8409,1.6837,2856.0291,1643.9709,6743.7373,False,False,2.4603,False,False
107,은평구,응암3동,948750.0,1954250.0,511,152,27,5708.5359,6826.7561,6.8502,2.6034,2.0,2981.0316,1518.9684,10405.3029,False,True,1.4381,False,False
108,서대문구,홍은2동,949250.0,1954250.0,124,29,12,2584.6665,2770.683,3.1016,4.1164,1.5169,3828.1789,671.8211,2083.7203,False,False,1.189,False,False
109,서대문구,홍은2동,949750.0,1954250.0,10,0,0,208.4408,223.4422,0.2501,4.1164,1.0417,4570.9962,-70.9962,-17.7582,True,True,9.5655,True,False
110,서대문구,홍제1동,950250.0,1954250.0,86,20,1,3847.9005,4377.0493,4.6175,2.6034,1.7696,3082.731,1417.269,6544.2123,False,True,3.4499,False,False
111,서대문구,홍제1동,950750.0,1954250.0,197,68,13,8814.3768,10026.4967,10.5773,1.8409,2.0,2752.2727,1747.7273,18486.1521,False,False,3.4382,False,False
112,서대문구,홍제2동,951250.0,1954250.0,423,96,63,7074.9507,9365.9137,8.4899,2.6034,2.0,2981.0316,1518.9684,12895.9521,False,True,0.739,False,False
113,종로구,청운효자동,952750.0,1954250.0,15,1,0,399.4722,311.1192,0.4794,4.1164,1.0799,4487.1112,12.8888,6.1784,False,True,7.0913,True,False
114,종로구,청운효자동,953250.0,1954250.0,97,24,2,2583.2536,2011.9044,3.0999,3.6818,1.5167,3656.5588,843.4412,2614.5872,False,True,0.935,False,False
115,종로구,청운효자동,953750.0,1954250.0,3,1,0,79.8944,62.2238,0.0959,4.1164,1.016,4630.9941,-130.9941,-12.5588,True,True,7.4543,True,False
116,종로구,삼청동,954250.0,1954250.0,154,49,3,1785.7623,1078.4102,2.1429,5.2069,1.3572,4501.9715,-1.9715,-4.2248,True,True,1.0752,False,False
117,종로구,가회동,954750.0,1954250.0,10,0,0,109.0446,58.0441,0.1309,5.5227,1.0218,5442.9119,-942.9119,-123.3834,True,True,7.1189,True,False
118,종로구,혜화동,955250.0,1954250.0,65,19,1,1347.3085,1404.0872,1.6168,4.1164,1.2695,4145.5795,354.4205,573.0165,False,True,5.1344,False,False
119,종로구,혜화동,955750.0,1954250.0,462,132,30,9576.2546,9979.8195,11.4915,2.6034,2.0,2981.0316,1518.9684,17455.2339,False,True,0.3747,False,False
120,종로구,혜화동,956250.0,1954250.0,53,14,1,1098.5747,1144.8711,1.3183,1.8409,1.2197,3105.5767,1394.4233,1838.2537,False,True,3.4001,False,False
121,은평구,수색동,945750.0,1954750.0,16,4,0,591.3472,656.873,0.7096,9.9136,1.1183,7519.0753,-3019.0753,-2142.3859,True,True,9.262,True,False
122,은평구,신사2동,947250.0,1954750.0,19,3,1,602.5591,662.7628,0.7231,5.2069,1.1205,4988.1244,-488.1244,-352.9486,True,True,4.4741,False,False
123,은평구,신사2동,947750.0,1954750.0,144,33,3,4566.7641,5023.044,5.4801,4.1164,1.9134,3490.8433,1009.1567,5530.2965,False,True,2.953,False,False
124,은평구,응암3동,948250.0,1954750.0,437,172,28,4881.8595,5838.1456,5.8582,3.6818,1.9764,3317.7506,1182.2494,6925.8904,False,True,1.709,False,False
125,은평구,응암3동,948750.0,1954750.0,329,88,27,3675.3587,4395.3087,4.4104,4.1164,1.7351,3623.4793,876.5207,3865.8336,False,True,1.7784,False,False
126,은평구,응암2동,949250.0,1954750.0,59,7,4,1474.561,1631.3694,1.7695,5.2069,1.2949,4612.6163,-112.6163,-199.2716,True,True,3.4519,False,False
127,서대문구,홍은2동,950250.0,1954750.0,64,12,1,1334.0214,1430.03,1.6008,1.8409,1.2668,3071.9148,1428.0852,2286.1154,False,True,1.1954,False,False
128,서대문구,홍제3동,950750.0,1954750.0,585,168,70,6019.8701,6750.5225,7.2238,0.0,2.0,2200.0,2300.0,16614.8416,False,False,0.7884,False,True
129,서대문구,홍제3동,951250.0,1954750.0,335,119,17,3447.2761,3865.6838,4.1367,1.8409,1.6895,2853.7879,1646.2121,6809.9369,False,False,0.279,False,False
130,서대문구,홍제3동,951750.0,1954750.0,11,0,0,113.1941,126.9329,0.1358,3.6818,1.0226,4360.1868,139.8132,18.9912,False,True,8.7443,True,False
131,종로구,부암동,952250.0,1954750.0,10,0,0,177.2835,169.143,0.2127,5.5227,1.0355,5400.169,-900.169,-191.5021,True,True,5.9779,True,False
132,종로구,부암동,952750.0,1954750.0,77,27,1,1365.0827,1302.4014,1.6381,5.8215,1.273,4943.7817,-443.7817,-726.9584,True,True,5.0143,False,False
133,종로구,청운효자동,953250.0,1954750.0,8,0,0,213.0518,165.9303,0.2557,5.5227,1.0426,5378.2116,-878.2116,-224.5255,True,True,8.4575,True,False
134,종로구,삼청동,954250.0,1954750.0,3,0,1,34.7876,21.008,0.0417,6.6375,1.007,6154.9784,-1654.9784,-69.0872,True,True,4.5821,False,False
135,종로구,혜화동,955250.0,1954750.0,73,31,0,1513.1311,1576.8979,1.8158,5.2069,1.3026,4598.3291,-98.3291,-178.5417,True,True,6.2975,True,False
136,종로구,혜화동,955750.0,1954750.0,86,19,2,1782.5928,1857.7153,2.1391,4.1164,1.3565,4020.7187,479.2813,1025.2361,False,True,1.2563,False,False
137,종로구,혜화동,956250.0,1954750.0,4,0,0,82.9113,86.4054,0.0995,3.6818,1.0166,4373.0567,126.9433,12.63,False,True,8.4632,True,False
138,은평구,신사2동,947250.0,1955250.0,5,1,0,158.5682,174.4113,0.1903,5.2069,1.0317,5228.0944,-728.0944,-138.5431,True,True,10.0319,True,False
139,은평구,신사2동,947750.0,1955250.0,184,29,19,5835.3096,6418.334,7.0024,4.1164,2.0,3434.9194,1065.0806,7458.0904,False,True,1.8287,False,False
140,은평구,신사1동,948250.0,1955250.0,284,72,11,4206.1857,5345.5165,5.0474,3.6818,1.8412,3399.7862,1100.2138,5553.2442,False,True,0.0642,False,False
141,은평구,응암2동,948750.0,1955250.0,467,144,50,11671.525,12912.7032,14.0058,4.1164,2.0,3434.9194,1065.0806,14917.3384,False,True,0.0943,False,False
142,은평구,응암2동,949250.0,1955250.0,52,16,3,1299.6131,1437.8171,1.5595,5.2069,1.2599,4679.6176,-179.6176,-280.1201,True,True,3.9655,False,False
143,서대문구,홍은2동,949750.0,1955250.0,10,1,0,208.4408,223.4422,0.2501,4.1164,1.0417,4570.9962,-70.9962,-17.7582,True,True,6.5091,True,False
144,서대문구,홍은2동,950250.0,1955250.0,28,2,1,583.6344,625.6381,0.7004,2.6034,1.1167,3598.7871,901.2129,631.1746,False,True,4.4222,False,False
145,서대문구,홍은1동,950750.0,1955250.0,82,17,5,2409.257,3130.1528,2.8911,1.8409,1.4819,2945.3821,1554.6179,4494.569,False,False,2.1411,False,False
146,서대문구,홍제3동,951250.0,1955250.0,329,90,20,3385.5338,3796.4477,4.0626,2.6034,1.6771,3131.4035,1368.5965,5560.1155,False,True,1.6253,False,False
147,서대문구,홍은1동,951750.0,1955250.0,16,0,0,470.0989,610.7615,0.5641,4.1164,1.094,4457.5814,42.4186,23.9291,False,True,6.7687,True,False
148,종로구,부암동,952250.0,1955250.0,5,0,0,88.6417,84.5715,0.1064,5.8215,1.0177,5632.0351,-1132.0351,-120.4147,True,True,6.4474,True,False
149,종로구,부암동,952750.0,1955250.0,95,25,2,1684.1929,1606.8588,2.021,7.5903,1.3368,5606.6623,-1106.6623,-2236.5993,True,True,3.2319,False,False
150,종로구,부암동,953250.0,1955250.0,14,6,0,248.1968,236.8002,0.2978,7.3636,1.0496,6409.2379,-1909.2379,-568.6402,True,True,10.3057,True,False
151,은평구,신사1동,947250.0,1955750.0,13,3,0,192.5367,244.6891,0.231,4.1164,1.0385,4578.2583,-78.2583,-18.0811,True,True,8.7329,True,False
152,은평구,신사1동,947750.0,1955750.0,341,76,37,5050.3849,6418.3843,6.0605,2.6034,2.0,2981.0316,1518.9684,9205.6502,False,True,0.461,False,False
153,은평구,신사1동,948250.0,1955750.0,410,113,44,6072.3103,7717.1189,7.2868,1.8409,2.0,2752.2727,1747.7273,12735.2908,False,False,1.6821,False,False
154,은평구,응암1동,948750.0,1955750.0,616,174,88,8822.3639,10438.211,10.5868,2.6034,2.0,2981.0316,1518.9684,16081.0706,False,True,0.1594,False,False
155,은평구,응암1동,949250.0,1955750.0,360,97,46,5155.927,6100.2532,6.1871,4.1164,2.0,3434.9194,1065.0806,6589.7736,False,True,1.9992,False,False
156,은평구,응암1동,949750.0,1955750.0,316,95,32,4525.7581,5354.6667,5.4309,3.6818,1.9052,3359.5355,1140.4645,6193.7599,False,True,1.7834,False,False
157,은평구,녹번동,950250.0,1955750.0,150,26,7,4815.4281,5299.9619,5.7785,4.1164,1.9631,3458.1411,1041.8589,6020.3958,False,True,1.1912,False,False
158,서대문구,홍은1동,950750.0,1955750.0,23,6,1,675.7672,877.9697,0.8109,3.6818,1.1352,4146.0725,353.9275,287.0071,False,True,4.4461,False,False
159,서대문구,홍은1동,951250.0,1955750.0,234,70,17,6875.1969,8932.3874,8.2502,4.1164,2.0,3434.9194,1065.0806,8787.1669,False,True,1.5118,False,False
160,종로구,부암동,951750.0,1955750.0,26,12,0,460.937,439.7719,0.5531,5.2069,1.0922,5060.4307,-560.4307,-309.9879,True,True,7.2585,True,False
161,종로구,부암동,952250.0,1955750.0,117,29,5,2074.2165,1978.9735,2.4891,6.6375,1.4148,5014.796,-514.796,-1281.358,True,True,0.3708,False,False
162,종로구,부암동,952750.0,1955750.0,55,7,4,975.059,930.2867,1.1701,8.2328,1.195,6333.5804,-1833.5804,-2145.419,True,True,3.1949,False,False
163,은평구,구산동,947250.0,1956250.0,3,1,0,124.945,137.4799,0.1499,3.6818,1.025,4355.2338,144.7662,21.7054,False,True,5.2263,True,False
164,은평구,역촌동,947750.0,1956250.0,299,85,22,6695.2344,7902.2208,8.0343,1.8409,2.0,2752.2727,1747.7273,14041.7326,False,False,3.252,False,False
165,은평구,역촌동,948250.0,1956250.0,403,126,25,9024.0116,10650.8193,10.8288,0.0,2.0,2200.0,2300.0,24906.2721,False,False,2.6909,False,True
166,은평구,역촌동,948750.0,1956250.0,396,125,24,8867.267,10465.8175,10.6407,1.8409,2.0,2752.2727,1747.7273,18597.0773,False,False,1.6308,False,False
167,은평구,녹번동,949250.0,1956250.0,323,89,18,10369.2218,11412.5847,12.4431,2.6034,2.0,2981.0316,1518.9684,18900.6245,False,True,1.0449,False,False
168,은평구,녹번동,949750.0,1956250.0,154,35,5,4943.8395,5441.2943,5.9326,1.8409,1.9888,2755.3918,1744.6082,10350.0753,False,False,2.858,False,False
169,은평구,녹번동,950250.0,1956250.0,133,21,17,4269.6796,4699.2996,5.1236,2.6034,1.8539,3042.5659,1457.4341,7467.3319,False,True,2.3475,False,False
170,서대문구,홍은1동,951250.0,1956250.0,21,2,0,617.0049,801.6245,0.7404,5.8215,1.1234,5309.201,-809.201,-599.1371,True,True,7.4488,True,False
171,종로구,부암동,951750.0,1956250.0,20,6,0,354.5669,338.2861,0.4255,6.6375,1.0709,5918.7837,-1418.7837,-603.6645,True,True,9.0616,True,False
172,종로구,부암동,952250.0,1956250.0,114,15,4,2021.0315,1928.2306,2.4252,7.8103,1.4042,5537.2514,-1037.2514,-2515.5814,True,True,3.07,False,False
173,종로구,평창동,952750.0,1956250.0,173,41,11,4259.4776,4745.0504,5.1114,9.2045,1.8519,5182.2024,-682.2024,-3486.991,True,True,2.182,False,False
174,종로구,평창동,953250.0,1956250.0,17,3,0,418.5614,466.2766,0.5023,10.7343,1.0837,8143.0455,-3643.0455,-1829.8058,True,True,5.2069,True,False
175,은평구,구산동,947750.0,1956750.0,60,14,0,2498.8997,2749.5972,2.9987,2.6034,1.4998,3241.5282,1258.4718,3773.7537,False,True,6.0875,True,False
176,은평구,구산동,948250.0,1956750.0,267,62,5,11120.1038,12235.7075,13.3441,1.8409,2.0,2752.2727,1747.7273,23321.8905,False,False,0.848,False,False
177,은평구,역촌동,948750.0,1956750.0,400,136,34,8956.8354,10571.5328,10.7482,2.6034,2.0,2981.0316,1518.9684,16326.1801,False,True,1.4304,False,False
178,은평구,대조동,949250.0,1956750.0,372,130,31,9150.5204,10415.5732,10.9806,1.8409,2.0,2752.2727,1747.7273,19191.1369,False,False,1.057,False,False
179,은평구,대조동,949750.0,1956750.0,885,280,81,21769.3833,24778.9846,26.1233,0.0,2.0,2200.0,2300.0,60083.4978,False,False,0.1156,False,True
180,은평구,녹번동,950250.0,1956750.0,57,6,1,1829.8627,2013.9855,2.1958,1.8409,1.366,3008.6147,1491.3853,3274.8364,False,True,2.4813,False,False
181,은평구,녹번동,950750.0,1956750.0,8,0,0,256.8228,282.6646,0.3082,3.6818,1.0514,4301.1655,198.8345,61.2783,False,True,11.2611,True,False
182,종로구,평창동,951750.0,1956750.0,6,2,0,147.7275,164.5682,0.1773,7.3636,1.0295,6491.3905,-1991.3905,-353.0199,True,True,4.9609,False,False
183,종로구,평창동,952250.0,1956750.0,125,33,12,3077.6572,3428.5047,3.6932,9.2045,1.6155,5618.5204,-1118.5204,-4130.907,True,True,2.6709,False,False
184,종로구,평창동,952750.0,1956750.0,44,3,2,1083.3353,1206.8336,1.3,10.4138,1.2167,7335.5484,-2835.5484,-3686.2198,True,True,2.7815,False,False
185,종로구,평창동,953250.0,1956750.0,78,17,9,1920.4581,2139.3869,2.3045,11.7876,1.3841,7309.8798,-2809.8798,-6475.5076,True,True,1.1438,False,False
186,종로구,평창동,953750.0,1956750.0,47,11,4,1157.1991,1289.1178,1.3886,13.0172,1.2314,8542.4259,-4042.4259,-5613.47,True,True,0.9561,False,False
187,은평구,구산동,947250.0,1957250.0,5,0,0,208.2416,229.1331,0.2499,5.2069,1.0416,5199.2141,-699.2141,-174.7266,True,True,9.1152,True,False
188,은평구,구산동,947750.0,1957250.0,162,44,7,6747.0293,7423.9124,8.0964,4.1164,2.0,3434.9194,1065.0806,8623.3563,False,True,0.6882,False,False
189,은평구,갈현2동,948250.0,1957250.0,490,123,64,4712.9713,5399.3065,5.6556,3.6818,1.9426,3337.186,1162.814,6576.371,False,True,0.1385,False,False
190,은평구,대조동,948750.0,1957250.0,450,106,46,11069.1779,12599.4837,13.283,3.6818,2.0,3304.5455,1195.4545,15879.2389,False,True,2.6279,False,False
191,은평구,대조동,949250.0,1957250.0,241,68,9,5928.1597,6747.7235,7.1138,2.6034,2.0,2981.0316,1518.9684,10805.6249,False,True,2.6518,False,False
192,은평구,불광1동,949750.0,1957250.0,450,103,57,8876.2038,10252.3062,10.6514,1.8409,2.0,2752.2727,1747.7273,18615.8202,False,False,0.2709,False,False
193,은평구,불광1동,950250.0,1957250.0,17,1,0,335.3233,387.3093,0.4024,2.6034,1.0671,3663.888,836.112,336.4413,False,True,5.8223,True,False
194,은평구,불광1동,950750.0,1957250.0,7,2,0,138.0743,159.4803,0.1657,4.1164,1.0276,4603.4673,-103.4673,-17.1434,True,True,13.6842,True,False
195,종로구,평창동,951750.0,1957250.0,8,2,0,196.9701,219.4243,0.2364,7.5903,1.0394,6581.5507,-2081.5507,-492.0038,True,True,10.2555,True,False
196,종로구,평창동,952250.0,1957250.0,9,3,0,221.5913,246.8523,0.2659,9.3868,1.0443,7593.0866,-3093.0866,-822.4814,True,True,9.8428,True,False
197,종로구,평창동,952750.0,1957250.0,13,1,0,320.0764,356.5645,0.3841,11.1978,1.064,8514.4655,-4014.4655,-1541.9226,True,True,7.7231,True,False
198,종로구,평창동,953250.0,1957250.0,21,0,0,517.0464,575.9888,0.6205,13.0172,1.1034,9278.3488,-4778.3488,-2964.7537,True,True,7.6623,True,False
199,종로구,평창동,953750.0,1957250.0,68,12,2,1674.2455,1865.1065,2.0091,14.378,1.3348,8662.7348,-4162.7348,-8363.3282,True,True,3.3719,False,False
200,종로구,평창동,954250.0,1957250.0,6,0,2,147.7275,164.5682,0.1773,14.8419,1.0295,10849.5741,-6349.5741,-1125.6084,True,True,5.2102,True,False
201,은평구,갈현2동,947750.0,1957750.0,57,11,0,548.2436,628.0826,0.6579,4.1164,1.1096,4425.7843,74.2157,48.8259,False,True,5.6859,True,False
202,은평구,갈현2동,948250.0,1957750.0,263,52,11,2529.6152,2897.9951,3.0355,2.6034,1.5059,3237.2795,1262.7205,3833.0362,False,True,2.2593,False,False
203,은평구,갈현2동,948750.0,1957750.0,1135,447,152,10916.7804,12506.5568,13.1001,1.8409,2.0,2752.2727,1747.7273,22895.4658,False,False,0.2495,False,False
204,은평구,불광1동,949250.0,1957750.0,386,94,40,7613.8104,8794.2004,9.1366,2.6034,2.0,2981.0316,1518.9684,13878.165,False,True,2.8764,False,False
205,은평구,불광1동,949750.0,1957750.0,144,27,15,2840.3852,3280.738,3.4085,3.6818,1.5681,3608.7898,891.2102,3037.6564,False,True,2.6744,False,False
206,은평구,불광1동,950250.0,1957750.0,29,5,0,572.022,660.7042,0.6864,4.1164,1.1144,4416.2859,83.7141,57.4636,False,True,4.7449,False,False
207,종로구,평창동,953750.0,1957750.0,13,1,0,320.0764,356.5645,0.3841,15.1805,1.064,10760.3237,-6260.3237,-2404.5379,True,True,7.6285,True,False
208,은평구,갈현2동,947750.0,1958250.0,8,0,0,76.9465,88.1519,0.0923,3.6818,1.0154,4375.6098,124.3902,11.4857,False,True,11.2305,True,False
209,은평구,갈현1동,948250.0,1958250.0,146,24,5,2303.7595,2664.9066,2.7645,1.8409,1.4608,2956.1486,1543.8514,4267.9948,False,False,4.7413,False,False
210,은평구,갈현1동,948750.0,1958250.0,658,224,62,10382.6967,12010.3325,12.4592,0.0,2.0,2200.0,2300.0,28656.2429,False,False,0.2676,False,True
211,은평구,불광2동,949250.0,1958250.0,358,78,39,7667.9134,8801.2638,9.2015,1.8409,2.0,2752.2727,1747.7273,16081.7056,False,False,2.2647,False,False
212,은평구,불광2동,949750.0,1958250.0,160,45,3,3427.0004,3933.5257,4.1124,3.6818,1.6854,3510.722,989.278,4068.3074,False,True,3.3287,False,False
213,은평구,불광2동,950250.0,1958250.0,14,8,0,299.8625,344.1835,0.3598,5.5227,1.06,5326.1531,-826.1531,-297.2788,True,True,7.8829,True,False
214,은평구,갈현1동,948250.0,1958750.0,60,6,2,946.7505,1095.1671,1.1361,2.6034,1.1894,3513.3754,986.6246,1120.9047,False,True,6.0925,True,False
215,은평구,갈현1동,948750.0,1958750.0,170,31,7,2682.4596,3102.9734,3.219,1.8409,1.5365,2918.8749,1581.1251,5089.5652,False,False,0.7424,False,False
216,은평구,불광2동,949250.0,1958750.0,57,4,1,1220.8689,1401.3185,1.465,2.6034,1.2442,3455.5024,1044.4976,1530.2336,False,True,3.903,False,False
217,은평구,불광2동,949750.0,1958750.0,75,25,2,1606.4064,1843.8402,1.9277,4.1164,1.3213,4069.2755,430.7245,830.3024,False,True,4.6781,False,False
218,은평구,진관동,950250.0,1958750.0,5,3,0,198.9852,211.0801,0.2388,5.8215,1.0398,5559.1935,-1059.1935,-252.9165,True,True,5.4667,True,False
219,은평구,갈현1동,948250.0,1959250.0,3,1,0,47.3375,54.7584,0.0568,4.1164,1.0095,4646.6748,-146.6748,-8.3319,True,True,6.3182,True,False
220,은평구,진관동,948750.0,1959250.0,78,16,4,3104.1684,3292.8497,3.725,3.6818,1.6208,3562.935,937.065,3490.5692,False,True,2.8151,False,False
221,은평구,진관동,949250.0,1959250.0,15,1,3,596.9555,633.2403,0.7163,4.1164,1.1194,4406.4127,93.5873,67.0409,False,True,0.1404,False,False
222,은평구,진관동,949750.0,1959250.0,11,5,0,437.7673,464.3762,0.5253,5.2069,1.0876,5072.6186,-572.6186,-300.8085,True,True,8.8669,True,False
223,은평구,진관동,948250.0,1959750.0,18,11,1,716.3466,759.8884,0.8596,5.8215,1.1433,5255.1676,-755.1676,-649.1541,True,True,6.0503,True,False
224,은평구,진관동,948750.0,1959750.0,457,117,50,18187.2433,19292.7219,21.8247,5.5227,2.0,3856.8182,643.1818,14037.2451,False,True,0.3331,False,False
225,은평구,진관동,949250.0,1959750.0,34,8,2,1353.0991,1435.3447,1.6237,5.8215,1.2706,4948.9571,-448.9571,-728.9802,True,True,2.0803,False,False
226,은평구,진관동,949750.0,1959750.0,49,10,1,1950.0545,2068.5851,2.3401,6.6375,1.39,5065.082,-565.082,-1322.3289,True,True,4.1503,False,False
227,은평구,진관동,950250.0,1959750.0,23,12,0,915.3317,970.9685,1.0984,7.8103,1.1831,6161.0538,-1661.0538,-1824.4983,True,True,8.8398,True,False
228,은평구,진관동,948250.0,1960250.0,6,1,1,238.7822,253.2961,0.2865,7.5903,1.0478,6546.5804,-2046.5804,-586.4243,True,True,5.9638,True,False
229,은평구,진관동,948750.0,1960250.0,240,62,30,9551.2875,10131.8452,11.4615,7.3636,2.0,4409.0909,90.9091,1041.9586,False,True,1.4557,False,False
230,은평구,진관동,949250.0,1960250.0,15,4,1,596.9555,633.2403,0.7163,7.5903,1.1194,6268.424,-1768.424,-1266.8044,True,True,4.6421,False,False
231,은평구,진관동,950250.0,1960250.0,42,12,1,1671.4753,1773.0729,2.0058,9.2045,1.3343,6339.06,-1839.06,-3688.732,True,True,1.7182,False,False
232,은평구,진관동,950750.0,1960250.0,39,7,0,1552.0842,1646.4248,1.8625,10.4138,1.3104,6968.1413,-2468.1413,-4596.9158,True,True,7.3196,True,False
233,은평구,진관동,948250.0,1960750.0,5,0,0,198.9852,211.0801,0.2388,9.3868,1.0398,7616.5367,-3116.5367,-744.1735,True,True,6.782,True,False
234,은평구,진관동,948750.0,1960750.0,50,17,1,1989.8516,2110.8011,2.3878,9.2045,1.398,6150.5326,-1650.5326,-3941.1778,True,True,4.4367,False,False
235,은평구,진관동,949250.0,1960750.0,33,14,1,1313.302,1393.1287,1.576,9.3868,1.2627,6660.5016,-2160.5016,-3404.8695,True,True,1.0836,False,False
236,은평구,진관동,949750.0,1960750.0,17,5,0,676.5495,717.6724,0.8119,9.9136,1.1353,7439.2384,-2939.2384,-2386.2485,True,True,8.1212,True,False
237,은평구,진관동,950750.0,1960750.0,6,1,0,238.7822,253.2961,0.2865,11.7876,1.0478,8950.1773,-4450.1773,-1275.1477,True,True,11.8485,True,False
238,은평구,진관동,949750.0,1961250.0,16,8,1,636.7525,675.4563,0.7641,11.6429,1.1274,8396.6166,-3896.6166,-2977.4164,True,True,4.5198,False,False
239,은평구,진관동,950250.0,1961250.0,13,6,0,517.3614,548.8083,0.6208,12.3492,1.1035,8914.7279,-4414.7279,-2740.8118,True,True,4.6415,False,False
240,은평구,진관동,950250.0,1961750.0,14,8,0,557.1584,591.0243,0.6686,14.0199,1.1114,9768.5871,-5268.5871,-3522.5253,True,True,9.335,True,False
241,은평구,진관동,950750.0,1961750.0,19,13,0,756.1436,802.1044,0.9074,14.8419,1.1512,9935.3266,-5435.3266,-4931.8649,True,True,11.4139,True,False
242,은평구,진관동,951250.0,1961750.0,48,19,0,1910.2575,2026.369,2.2923,15.8361,1.3821,9075.0399,-4575.0399,-10487.4053,True,True,7.4726,True,False
243,은평구,진관동,951750.0,1961750.0,7,2,0,278.5792,295.5122,0.3343,16.9723,1.0557,11845.9724,-7345.9724,-2455.7223,True,True,11.9751,True,False
244,은평구,진관동,951250.0,1962250.0,24,14,1,955.1288,1013.1845,1.1462,17.3671,1.191,10948.9804,-6448.9804,-7391.5279,True,True,1.5789,False,False
