dong_code,dong,sigungu,night_pop,demand_animals,accessibility_2sfca,accessibility_ratio,unmet_animals
11380690,진관동,은평구,57862.57923966667,6017.7082409253335,0.8436032499615109,0.46866847220083946,3197.3981135004565
11680700,세곡동,강남구,52301.76998733333,5439.384078682667,0.7480277294871487,0.41557096082619377,3178.9340108018105
11530780,오류2동,구로구,56037.63313733333,5827.913846282666,1.2040574529950843,0.6689208072194913,1929.5010118216146
11740515,강일동,강동구,54536.40309566667,5671.785921949333,1.2289862540370762,0.6827701411317091,1799.259847551146
11545510,가산동,금천구,37345.08561733333,3883.8889042026663,0.9816167890810136,0.5453426606005631,1765.8385957077785
11620735,대학동,관악구,30225.828420333335,3143.486155714667,0.8163726510298344,0.45354036168324136,1717.7883077055747
11620725,조원동,관악구,45563.87007433333,4738.642487730666,1.1991179445287614,0.666176635849312,1581.8695767616364
11440740,상암동,마포구,38309.33939166667,3984.1712967333333,1.0860623873643944,0.6033679929802191,1580.2498577339447
11350600,공릉2동,노원구,47089.255861000005,4897.2826095440005,1.2372778101371966,0.6873765611873315,1531.0053302331244
11620595,청룡동,관악구,46257.66990266666,4810.797669877333,1.2285813754494015,0.6825452085830009,1527.2107708402937
11590660,대방동,동작구,46510.727138333335,4837.1156223866665,1.258367622273652,0.6990931234853622,1455.52135327253
11560535,영등포동,영등포구,38758.969677333334,4030.9328464426667,1.198884078725536,0.6660467104030756,1346.1432842138227
11110560,평창동,종로구,20593.063305666667,2141.678583789333,0.6851340714057957,0.38063003966988657,1326.491379481453
11545610,독산1동,금천구,37255.441557666665,3874.565921997333,1.192338967102558,0.662410537279199,1308.0126278834048
11350595,공릉1동,노원구,36506.038853,3796.628040712,1.1992264368240457,0.6662369093466921,1267.1743089290499
11620665,서림동,관악구,21610.348147333334,2247.4762073226666,0.7903275926688775,0.4390708848160431,1260.6748403704985
11650660,내곡동,서초구,19443.258605666666,2022.098894989333,0.6872777770872123,0.38182098727067354,1250.019098545568
11260655,망우본동,중랑구,39424.667768666666,4100.165447941333,1.2733787476924314,0.7074326376069064,1199.5745904794926
11545670,시흥1동,금천구,26174.557838,2722.154015152,1.00960636957053,0.5608924275391833,1195.3184414578598
11590510,노량진1동,동작구,33829.460403,3518.2638819119998,1.1976743761777344,0.6653746534320747,1177.3002708022173
11530540,구로3동,구로구,29141.211769999998,3030.6860240799997,1.1245461816796336,0.6247478787109076,1137.2713594972251
11260680,신내1동,중랑구,34160.22366433334,3552.663261090667,1.2321087427027897,0.6845048570571054,1120.8480033857702
11110615,종로1.2.3.4가동,종로구,24125.889893,2509.092548872,1.034828874925705,0.5749049305142807,1066.6028714088434
11620605,은천동,관악구,30873.944952666665,3210.890275077333,1.2205311861473298,0.678072881192961,1033.6726550611866
11110650,혜화동,종로구,25909.336583333334,2694.571004666667,1.1460907726497016,0.6367170959165009,978.8915798344984
11590530,상도1동,동작구,47235.98571966667,4912.542514845333,1.4482669125145753,0.8045927291747641,959.9465256388675
11590605,흑석동,동작구,29201.157439333332,3036.9203736906666,1.2353962494186776,0.6863312496770432,952.5870184458785
11710647,위례동,송파구,54661.72827666667,5684.819740773333,1.502005958590472,0.8344477547724845,941.1346717987283
11380570,대조동,은평구,57187.47306433334,5947.497198690667,1.5248995720794647,0.8471664289330361,908.977235786659
11350580,월계3동,노원구,25095.778356,2609.9609490239995,1.1841857595129068,0.6578809775071706,892.9172886245482
11530750,개봉2동,구로구,25170.145085666667,2617.695088909333,1.1942913631584782,0.6634952017547101,880.8669577611214
11560560,당산2동,영등포구,48298.17125166667,5023.009810173333,1.4892284022914695,0.8273491123841498,867.2271022295494
11560540,여의동,영등포구,52315.450304,5440.806831616,1.527251782972213,0.8484732127623407,824.427979175481
11500630,방화1동,강서구,29365.418874,3054.003562896,1.3227283703846535,0.734849094658141,809.7718096191375
11290525,성북동,성북구,19518.229461,2029.8958639439998,1.0890017342516676,0.6050009634731487,801.8069105077203
11620695,신림동,관악구,29923.858680999998,3112.0813028239995,1.3619895238481914,0.7566608465823286,757.291229596156
11530790,수궁동,구로구,19551.178401,2033.322553704,1.1339809052608392,0.6299893918115774,752.3509147392535
11620645,서원동,관악구,21622.123247333333,2248.7008177226667,1.2287428902925963,0.6826349390514425,713.6590720716252
11110640,이화동,종로구,22131.838537333333,2301.7112078826667,1.267363029440928,0.7040905719116267,681.0980471491588
11620585,낙성대동,관악구,23195.537249,2412.335873896,1.2949270247117297,0.7194039026176277,676.8920317907123
11545680,시흥2동,금천구,13728.115135333333,1427.7239740746666,0.9474405036526512,0.526355835362584,676.2331290334072
11500640,방화2동,강서구,17693.058224333334,1840.0780553306665,1.1390496942789574,0.6328053857105319,675.6667517896586
11500510,염창동,강서구,33409.96101366667,3474.6359454213334,1.4528598643508286,0.8071443690837937,670.1031074583601
11590540,상도2동,동작구,20171.101176666667,2097.794522373333,1.2332489087253027,0.6851382826251682,660.5151860139828
11530520,구로1동,구로구,17846.661484666667,1856.0527944053333,1.1636587520246278,0.6464770844581266,656.1571952778148
11215850,구의1동,광진구,23005.477282666667,2392.5696373973333,1.3138944960746581,0.7299413867081435,646.1340384797238
11620685,신사동,관악구,21256.457114666668,2210.6715399253335,1.2743401023872967,0.7079667235484982,645.5896529624821
11560710,대림2동,영등포구,17641.48304766667,1834.7142369573335,1.1737706705202933,0.6520948169557186,638.3065924425902
11305645,우이동,강북구,18560.365421333336,1930.2780038186668,1.2238079497853378,0.6798933054362989,617.8949113914126
11350665,상계3.4동,노원구,21526.301692333334,2238.7353760026667,1.3039671388361187,0.7244261882422882,616.936841081889
11620655,신원동,관악구,17786.142605333334,1849.7588309546668,1.199696909833306,0.6664982832407256,616.8977457140098
11530530,구로2동,구로구,29565.89082333333,3074.8526456266663,1.4390981196046524,0.7994989553359181,616.5111676362627
11110515,청운효자동,종로구,14586.259514,1516.9709894559999,1.07894067451821,0.59941148584345,607.6811546847704
11545710,시흥5동,금천구,11786.165815333334,1225.7612447946667,0.9172674650640237,0.5095930361466798,601.1218504688188
11530560,구로5동,구로구,29844.760537000002,3103.855095848,1.4514526216765886,0.8063625675981049,601.0225313075448
11290660,길음1동,성북구,39697.720450333334,4128.5629268346665,1.5381219455111554,0.854512191950642,600.6555706190177
11545690,시흥3동,금천구,10083.596891000001,1048.694076664,0.781558112447559,0.43419895135975506,593.3522082793046
11380530,불광2동,은평구,21447.013050666665,2230.489357269333,1.321844989269768,0.7343583273720934,592.5109236437701
11170630,이촌1동,용산구,25355.635434,2636.986085136,1.3974552421212478,0.7763640234006933,589.7249584281718
11380650,수색동,은평구,16409.895875666665,1706.629171069333,1.1803407700806177,0.6557448722670098,587.5158432793204
11620745,삼성동,관악구,20400.175385333332,2121.6182400746666,1.3058480725846926,0.7254711514359404,582.4454125402048
11215810,광장동,광진구,36863.971238,3833.853008752,1.5277754532901628,0.8487641407167572,579.8160541442544
11560550,당산1동,영등포구,22255.387609999998,2314.5603114399996,1.3546714972312786,0.7525952762395993,572.6331544786001
11530595,가리봉동,구로구,12001.714876,1248.1783471039998,0.975696619190822,0.5420536773282345,571.5986840947992
11320521,도봉1동,도봉구,17401.246670333334,1809.7296537146667,1.2341716935791096,0.6856509408772832,568.8868139116856
11560720,대림3동,영등포구,23246.968298,2417.684702992,1.3798306378144922,0.7665725765636069,564.3539109010039
11290650,정릉4동,성북구,18907.20305466667,1966.3491176853333,1.2846813715034862,0.7137118730574924,562.9424058171866
11380520,불광1동,은평구,27612.881523,2871.739678392,1.4525967526882344,0.8069981959379081,554.2509387263475
11590670,신대방1동,동작구,22397.30874366667,2329.3201093413336,1.3744767852659234,0.7635982140366242,550.6554339286971
11110550,부암동,종로구,10659.330981333333,1108.5704220586665,0.9137635725376692,0.5076464291875941,545.8086057976004
11290555,삼선동,성북구,24483.580553,2546.292377512,1.4155914807101047,0.7864397115056138,543.7869347325193
11560585,도림동,영등포구,17477.661441,1817.6767898639998,1.2618423692932637,0.7010235384962576,543.4425747910201
11350619,중계본동,노원구,20785.56217266667,2161.6984659573336,1.3496888789756836,0.749827154986491,540.7982552898842
11350621,중계1동,노원구,25567.496066333333,2659.0195908986666,1.435274898233014,0.7973749434627856,538.7839949394031
11500641,방화3동,강서구,14743.861936666668,1533.3616414133335,1.179333780016313,0.6551854333423962,528.7254299133307
11410520,천연동,서대문구,15619.126561,1624.389162344,1.2156368414378116,0.6753538007987843,527.3517675786262
11380552,갈현2동,은평구,23682.343270666668,2462.9637001493334,1.4146960969770062,0.7859422760983368,527.2164037063849
11560630,신길1동,영등포구,19039.352964666665,1980.092708325333,1.3226591468305855,0.7348106371281031,525.0995237480838
11215770,중곡4동,광진구,26070.358214666667,2711.317254325333,1.4569082707389638,0.8093934837438689,516.7947363120904
11530550,구로4동,구로구,17103.008937333332,1778.7129294826664,1.2802488458228218,0.7112493587904567,513.604498915825
11560690,신길7동,영등포구,19395.260249,2017.1070658959998,1.3424637460086344,0.7458131922270191,512.7220060164279
11530760,개봉3동,구로구,18509.419148333334,1924.9795914266667,1.3213640762484453,0.7340911534713586,511.8691027474404
11350560,월계1동,노원구,19783.093103,2057.441682712,1.354956272994066,0.7527534849967035,508.69528587306013
11620765,미성동,관악구,22964.446341,2388.3024194639997,1.4195127164104964,0.7886181757836092,504.84372220672014
11215870,구의3동,광진구,26298.353183333333,2735.0287310666663,1.4680445738236956,0.8155803187909421,504.39312668092884
11620775,난곡동,관악구,18683.474757,1943.081374728,1.3334308498816185,0.7407949166008992,503.6565697876106
11410565,충현동,서대문구,27567.118454666666,2866.9803192853333,1.484008764263324,0.8244493134796245,503.3003632909457
11545700,시흥4동,금천구,12012.903918,1249.342007472,1.089710825365205,0.6053949029806696,492.9967240688136
11500620,공항동,강서구,27505.681839,2860.590911256,1.4908045734619682,0.8282247630344268,491.3786816425643
11560515,영등포본동,영등포구,17692.581468,1840.028472672,1.3245707226245387,0.7358726236802994,486.0018928404013
11620625,인헌동,관악구,25908.520452,2694.486127008,1.4776064402524256,0.8208924668069032,482.6027634314242
11545620,독산2동,금천구,12999.760416333334,1351.9750832986667,1.1576634786267994,0.6431463770148886,482.45720666072697
11620630,남현동,관악구,22035.796157666664,2291.722800397333,1.4232095851253446,0.7906719917363026,479.7217692996765
11215860,구의2동,광진구,20623.007944,2144.792826176,1.399728166307714,0.7776267590598411,476.94453190195986
11380560,구산동,은평구,29451.62452633333,3062.968950738666,1.521203298868314,0.8451129438157301,474.414243963734
11620525,보라매동,관악구,20907.700306666666,2174.4008318933334,1.4076085529199132,0.7820047516221741,474.0090494215385
11680720,일원본동,강남구,25737.885674,2676.740110096,1.4838844029808744,0.8243802238782637,470.08849887113126
11380551,갈현1동,은평구,16516.174861666666,1717.6821856133333,1.321844989269768,0.7343583273720934,456.2879688294842
11590520,노량진2동,동작구,13561.853388333333,1410.4327523866666,1.2258421177054486,0.6810233987252493,449.89504568289095
11320522,도봉2동,도봉구,18982.145056333335,1974.1430858586666,1.398755126649335,0.7770861814718528,440.0637735896953
11305660,인수동,강북구,27417.117591000002,2851.380229464,1.5227805961306675,0.8459892200725931,439.14329300933895
11620575,행운동,관악구,25665.202522666666,2669.1810623573333,1.509879591878239,0.8388219954879107,430.21327731221356
11110530,사직동,종로구,10766.376300333333,1119.7031352346667,1.119570958737929,0.6219838659655161,423.26585044769956
11350611,하계1동,노원구,24321.49223533333,2529.4351924746666,1.5097050211249785,0.8387250117360993,407.9346309806494
11560700,대림1동,영등포구,12794.279102666667,1330.6050266773334,1.2605309306994557,0.7002949614996976,398.7890307490261
11140550,명동,중구,10108.093101333334,1051.2416825386667,1.1223969111671124,0.6235538395372847,395.73589511004576
11590550,상도3동,동작구,19895.998219333334,2069.1838148106667,1.4583320109313282,0.8101844505174046,392.76326278877957
11590560,상도4동,동작구,24039.599376000002,2500.118335104,1.5209127401801215,0.8449515223222898,387.63954187200665
11290640,정릉3동,성북구,14169.14704,1473.59129216,1.3294576458893825,0.738587581049657,385.2150642277071
11290715,월곡1동,성북구,28586.718279,2973.018701016,1.5672655954546733,0.8707031085859297,384.4020761572661
11260660,망우3동,중랑구,11835.664753333333,1230.9091343466666,1.2480395645210323,0.6933553136227958,377.4517454605695
11290725,월곡2동,성북구,22788.529452333332,2370.0070630426662,1.514523555177803,0.8414019750987795,375.8784392005094
11230560,전농1동,동대문구,33773.19440666667,3512.4122182933334,1.6103568011985612,0.8946426673325341,370.0583825480027
11545640,독산4동,금천구,11922.975573666667,1239.9894596613333,1.2742050202515283,0.7078916779175157,362.2112404616384
11260620,묵1동,중랑구,27996.099832,2911.5943825279996,1.5770957452517895,0.8761643029176609,360.55931998137754
11470550,목5동,양천구,43592.23902733334,4533.592858842667,1.6579614374840297,0.9210896874911277,357.74722927926643
11290630,정릉2동,성북구,20600.47793333333,2142.4497050666664,1.5001717229458884,0.8334287349699381,356.87055763623766
11590620,사당1동,동작구,22490.146857333333,2338.9752731626663,1.528966700225209,0.8494259445695607,352.1889924316223
11260690,신내2동,중랑구,15445.574061,1606.3397023439998,1.4071591838623208,0.7817551021457338,350.5754442573185
11320660,쌍문1동,도봉구,17549.32994666667,1825.1303144533335,1.4628025967346585,0.8126681092970326,341.9051125858444
11440565,공덕동,마포구,35792.003228333335,3722.3683357466666,1.6462424552707438,0.91457914181708,317.96789771240793
11470580,신월3동,양천구,12304.691883666666,1279.6879559013332,1.3552539466789288,0.7529188592660716,316.18675992757045
11710540,마천1동,송파구,14114.431969333335,1467.9009248106668,1.4138324581859398,0.7854624767699666,314.9198287559559
11560680,신길6동,영등포구,23514.994832,2445.559462528,1.5733829992747321,0.8741016662637402,307.8918613852183
11590680,신대방2동,동작구,19101.869263666667,1986.5944034213333,1.5287678061551042,0.8493154478639469,299.34908795553326
11620565,성현동,관악구,23578.973638666666,2452.213258421333,1.5856541338296228,0.8809189632386795,292.0120971726684
11530770,오류1동,구로구,21026.656049,2186.772229096,1.560571304927785,0.8669840582932139,290.8755673514522
11260565,면목본동,중랑구,31450.610878,3270.863531312,1.6417167181466548,0.9120648434148083,287.62389679471374
11545630,독산3동,금천구,16592.721272333332,1725.6430123226664,1.5012392631279616,0.8340218128488677,286.4190988553353
11290810,석관동,성북구,27516.793592,2861.746533568,1.6200164550388518,0.9000091416882511,286.1484921621365
11215820,자양1동,광진구,23196.340278333333,2412.4193889466665,1.5872748078972767,0.8818193377207094,285.10132108111856
11620615,중앙동,관악구,14318.982765,1489.17420756,1.458078870873413,0.8100438171518961,282.87784806394757
11380625,역촌동,은평구,44136.11953233333,4590.156431362666,1.6904735789375323,0.9391519882986291,279.30189224667834
11305555,송천동,강북구,24585.119120333333,2556.8523885146665,1.6056599451654057,0.8920333028696699,276.0549074377242
11170625,한강로동,용산구,33490.678486666664,3483.0305626133327,1.6627113691613349,0.9237285384229639,265.6558317280053
11110580,교남동,종로구,6614.396644666666,687.8972510453333,1.1140377551785048,0.6189098639880583,262.1508569631069
11560670,신길5동,영등포구,10087.492944,1049.099266176,1.3605526964817107,0.755862609156506,256.1243575800328
11305575,삼각산동,강북구,23389.210042666666,2432.4778444373333,1.6128747340035299,0.89604151889085,252.87670203936432
11305545,송중동,강북구,29342.791753,3051.650342312,1.653548469693645,0.9186380387186918,248.28825699527997
11680670,개포2동,강남구,31999.497587333335,3327.9477490826666,1.6797430560134834,0.9331905866741576,222.3382366952709
11140665,동화동,중구,12272.849290666667,1276.3763262293332,1.4901105453346477,0.8278391918525821,219.74197982387426
11650610,방배2동,서초구,18122.125539333334,1884.7010560906667,1.5917181232822193,0.8842878462678997,218.08281834141505
11530740,개봉1동,구로구,29126.044773999998,3029.1086564959996,1.6717616844521217,0.9287564913622899,215.80432873363523
11500605,가양3동,강서구,11566.723963999999,1202.9392922559998,1.4782855304655125,0.821269739147507,215.00165349462816
11140590,광희동,중구,13465.844351,1400.447812504,1.5249876786776602,0.8472153770431446,213.9668910041765
11290575,동선동,성북구,21734.90207133333,2260.4298154186663,1.6302738800379697,0.9057077111322055,213.1411011208323
11560650,신길3동,영등포구,15405.895067333333,1602.2130870026665,1.5625941637670304,0.8681078687594614,211.3192987462641
11305534,삼양동,강북구,23226.485955,2415.55453932,1.6425334027776515,0.9125185570986953,211.31619650650987
11290590,돈암2동,성북구,17555.252333,1825.7462426319998,1.5920226959138963,0.8844570532854981,210.9521008266313
11620715,난향동,관악구,6672.478341,693.9377474639999,1.2589812502172413,0.6994340278984674,208.57407364446496
11440680,합정동,마포구,14768.250028333336,1535.8980029466668,1.5635311484502181,0.8686284158056768,201.77335380800082
11290620,정릉1동,성북구,14269.533374666667,1484.0314709653333,1.5595785313696067,0.8664325174275593,198.21834763511563
11110570,무악동,종로구,6823.703822,709.665197488,1.3021808549257952,0.7234338082921085,196.2694010568849
11230710,회기동,동대문구,15958.822869999998,1659.7175784799997,1.5894753524153793,0.8830418624529885,194.11747683305657
11290770,장위2동,성북구,16083.216707666665,1672.654537597333,1.5941156552855222,0.8856198084919569,191.31854633718027
11350612,하계2동,노원구,17756.478301,1846.6737433039998,1.6141157058913669,0.8967309477174261,190.70424734611717
11140520,소공동,중구,5573.524175666666,579.6465142693332,1.212960835831192,0.673867131017329,189.0417806944624
11140615,신당동,중구,17651.08641766667,1835.7129874373336,1.6150012295810563,0.8972229053228091,188.66924750999573
11560605,문래동,영등포구,27979.02014466667,2909.8180950453334,1.684790505800733,0.9359947254448518,186.24370607891473
11110540,삼청동,종로구,4213.684206333333,438.22315745866666,1.043667460536211,0.5798152558534506,184.13468529586288
11260580,상봉1동,중랑구,17423.707733333333,1812.0656042666665,1.6200479721018042,0.9000266511676691,181.1582667624199
11710550,마천2동,송파구,13896.057251666667,1445.1899541733333,1.5750134466076313,0.8750074703375731,180.63794821485175
11350624,중계4동,노원구,16521.507913,1718.236822952,1.6121013428870878,0.8956118571594933,179.36355090813177
11200580,응봉동,성동구,12829.077257666668,1334.2240347973334,1.5593878518809174,0.8663265843782876,178.35028393594203
11110600,가회동,종로구,3466.48623,360.51456792,0.9101991209401199,0.5056661783000667,178.2145441383938
11290610,보문동,성북구,15022.820223,1562.373303192,1.5949440053602784,0.8860800029779325,177.98556204699034
11470611,신월7동,양천구,14946.847529666666,1554.472143085333,1.5966752488351155,0.8870418049083976,175.5903676030944
11170660,이태원2동,용산구,11193.60998,1164.13543792,1.530292960895292,0.8501627560529401,174.43084559903642
11260590,상봉2동,중랑구,23422.990615000002,2435.9910239600003,1.6725615528975408,0.9292008627208561,172.46606291610635
11680660,개포1동,강남구,31102.555687999997,3234.6657915519995,1.706713291299077,0.9481740507217096,167.63962524519508
11170555,청파동,용산구,20676.444479666665,2150.350225885333,1.6602190351635233,0.9223439084241797,166.98779406143734
11410655,홍제2동,서대문구,11449.691687333334,1190.7679354826666,1.5527188245815835,0.862621569211991,163.58583040928593
11110630,종로5.6가동,종로구,8384.417789,871.9794500559999,1.4703234919030586,0.8168463843905882,159.7061890148629
11170685,한남동,용산구,19553.209763,2033.5338153519997,1.660269000252145,0.9223716668067473,157.85984057789142
11140605,을지로동,중구,6210.229226666666,645.8638395733333,1.3727095696457314,0.7626164275809619,153.31746553419435
11410685,홍은2동,서대문구,23520.717397,2446.154609288,1.6901768269616277,0.9389871260897933,149.2469227413597
11470560,신월1동,양천구,15277.362337,1588.845683048,1.6386683972198928,0.9103713317888295,142.40612256465982
11290600,안암동,성북구,21209.7386,2205.8128143999998,1.6856099980691792,0.9364499989273218,140.17940672124723
11560660,신길4동,영등포구,7776.882151666667,808.7957437733332,1.5015105723645734,0.8341725402025408,134.1205436849285
11710532,거여2동,송파구,18655.854896333334,1940.2089092186666,1.6787098139107162,0.9326165632837313,130.7379442506767
11140540,회현동,중구,7702.542842666667,801.0644556373333,1.5108886710705367,0.8393825950391871,128.66489407081468
11290685,길음2동,성북구,18973.649461666664,1973.259544013333,1.682824546194766,0.934902525663759,128.4542125251506
11380640,증산동,은평구,13105.811803333334,1363.0044275466666,1.631428378820558,0.9063490993447545,127.64659223683265
11170560,원효로1동,용산구,18853.700915333335,1960.7848951946667,1.6845606680926588,0.935867037829255,125.75094350848785
11215740,중곡1동,광진구,14680.881290333333,1526.8116541946665,1.6525997555971217,0.9181109753317344,125.02911721414252
11410620,홍제1동,서대문구,25425.708100666667,2644.273642469333,1.7160873938960093,0.953381885497783,123.27105143982973
11560620,양평2동,영등포구,21688.56260166667,2255.6105105733336,1.7039528570369735,0.946640476131652,120.35830287663434
11350670,상계5동,노원구,18413.242982333333,1914.9772701626666,1.6888292556133728,0.9382384753407628,118.27191589303034
11170650,이태원1동,용산구,10353.757905333334,1076.7908221546666,1.6035901546146347,0.8908834192303527,117.49573271765455
11440590,용강동,마포구,24203.826740666667,2517.1979810293333,1.7165385888148537,0.9536325493415855,116.71605318283827
11290760,장위1동,성북구,23073.324321666667,2399.6257294533334,1.7190247245611885,0.9550137358673271,107.9501968847456
11140570,필동,중구,7296.1835986666665,758.8030942613333,1.5514216301863408,0.8619009056590783,104.79002010057917
11560610,양평1동,영등포구,21445.625829666667,2230.3450862853333,1.7226211772067979,0.9570117651148878,95.87859844408966
11260575,면목3.8동,중랑구,20762.148521666666,2159.2634462533333,1.720361156893619,0.9557561982742329,95.53402378972913
11290780,장위3동,성북구,11517.44339,1197.81411256,1.66309825806675,0.9239434767037501,91.10157695649654
11230705,청량리동,동대문구,17615.466092666666,1832.008473637333,1.7132699305266295,0.9518166280703498,88.27234566353832
11440585,도화동,마포구,13508.219406666667,1404.8548182933332,1.6870532990610305,0.9372518328116837,88.15206501358183
11110680,창신2동,종로구,7825.403439333333,813.8419576906666,1.6062783823738966,0.8923768790966093,87.58821140879476
11215710,화양동,광진구,34462.89100533333,3584.1406645546663,1.7565469636752924,0.9758594242640515,86.52321916097479
11290580,돈암1동,성북구,11743.621720333334,1221.3366589146667,1.672537577541266,0.9291875430784813,86.48584954606643
11170640,이촌2동,용산구,7193.750386333334,748.1500401786667,1.5956192159956002,0.8864551199975558,84.94860653591054
11200615,금호2.3가동,성동구,21336.711137333332,2219.0179582826663,1.7326805631455044,0.9626003128586137,82.99057740088953
11230650,장안1동,동대문구,34949.814061666664,3634.7806624133327,1.7595042927619216,0.9775023848677343,81.77389643317683
11215750,중곡2동,광진구,21583.088072333332,2244.6411595226664,1.736426612624916,0.9646814514582868,79.27746775132877
11620545,청림동,관악구,13839.321082,1439.289392528,1.7049191816995708,0.9471773231664283,76.02711845149423
11140645,청구동,중구,10948.087418666666,1138.6010915413333,1.6809979059433902,0.9338877255241057,75.27550788253347
11140680,중림동,중구,6331.427330666666,658.4684423893333,1.5983848939258953,0.8879916077366086,73.7539915882088
11140650,신당5동,중구,5941.609993,617.927439272,1.5947784771367588,0.885988042853755,70.45111672576819
11200535,왕십리도선동,성동구,21150.997551666667,2199.7037453733333,1.7428560758217304,0.968253375456517,69.8331689112605
11140625,다산동,중구,13029.440734,1355.061836336,1.7077410703797407,0.948745039099856,69.45364143867904
11140580,장충동,중구,6957.469816,723.576860864,1.630537780384198,0.9058543224356657,68.12163383591535
11170690,서빙고동,용산구,12952.144469666668,1347.0230248453333,1.7120200599967301,0.9511222555537391,65.83944717161957
11110690,창신3동,종로구,6629.371207333334,689.4546055626666,1.6464090283815407,0.9146716824341894,58.83000153066191
11590650,사당4동,동작구,15829.581316666665,1646.276456933333,1.7360767051342165,0.9644870584078982,58.46411965952581
11500604,가양2동,강서구,11256.408754,1170.666510416,1.7134882990425846,0.951937943912547,56.264639483316614
11170520,용산2가동,용산구,10256.318105,1066.65708292,1.711423093511622,0.9507906075064567,52.48954704942822
11350570,월계2동,노원구,20195.102574333334,2100.2906677306664,1.7554704714247216,0.9752613730137343,51.95830739172391
11410555,북아현동,서대문구,45798.08384766667,4763.0007201573335,1.781138059985043,0.9895211444361351,49.91079659711298
11440690,망원1동,마포구,21339.729285333335,2219.3318456746665,1.7641708551288533,0.9800949195160297,44.17597900879265
11440555,아현동,마포구,28794.787211333332,2994.6578699786664,1.7743629746510883,0.9857572081394936,42.65228873553348
11410660,홍은1동,서대문구,17533.474621,1823.481360584,1.7580433469068273,0.9766907482815708,42.50398603771628
11590640,사당3동,동작구,19589.744347666667,2037.3334121573332,1.7651316013433358,0.9806286674129644,39.465863117579794
11110670,창신1동,종로구,7650.742446333333,795.6772144186666,1.7136100148035882,0.9520055637797713,38.18807931930593
11320680,쌍문3동,도봉구,16711.631813,1738.009708552,1.7605360034326751,0.9780755574625974,38.10489398459608
11170580,효창동,용산구,10345.587445333333,1075.9410943146665,1.7370216203649265,0.9650120113138482,37.645014834847366
11740560,고덕2동,강동구,21654.086959666667,2252.025043805333,1.7718723605559243,0.9843735336421803,35.19119358399153
11440730,성산2동,마포구,34478.07970466666,3585.720289285333,1.7825531071334302,0.9903072817407946,34.7553765203591
11260630,묵2동,중랑구,17795.370126666665,1850.7184931733332,1.7670498950566693,0.9816943861425942,33.87853809479097
11650620,방배3동,서초구,30816.931488,3204.9608747519997,1.782275941831633,0.9901533010175739,31.558284984135888
11440700,망원2동,마포구,16885.164511666666,1756.0571092133332,1.7689772308417488,0.9827651282454162,30.265419071017
11215760,중곡3동,광진구,13681.890089999999,1422.9165693599998,1.7693658587329184,0.9829810326293992,24.2165706650251
11260600,중화1동,중랑구,18236.593633333334,1896.6057378666667,1.777309483670004,0.9873941575944468,23.908313037015105
11290705,종암동,성북구,42698.730767333334,4440.667999802667,1.7930343460809932,0.9961301922672186,17.184531364351493
11200570,행당2동,성동구,20531.333042333335,2135.258636402667,1.7871325715942668,0.9928514286634816,15.264048684241386
11350630,상계1동,노원구,34395.91858433333,3577.1755327706665,1.7945131179892606,0.996951732216256,10.904188933342128
11650600,방배1동,서초구,16229.301230666666,1687.8473279893333,1.7928621284220543,0.9960345157900302,6.693131927981391
11215830,자양2동,광진구,25576.91112,2659.99875648,1.7962910433632988,0.9979394685351661,5.481011134146008
11140670,황학동,중구,13378.582552333333,1391.3725854426666,1.795046788097566,0.997248215609759,3.828757361630449
11470520,목2동,양천구,23855.627267,2480.9852357679997,1.7982643459968974,0.9990357477760542,2.3922955311660012
11230545,제기동,동대문구,28074.504385333334,2919.7484560746666,1.8233747772222877,1.0129859873457154,0.0
11380510,녹번동,은평구,33463.170008333334,3480.1696808666666,1.9221687998172943,1.0678715554540525,0.0
11350710,상계9동,노원구,16235.046683333332,1688.4448550666664,2.1552510654029082,1.1973617030016157,0.0
11320710,방학3동,도봉구,21737.65201,2260.71580904,1.9021805628967594,1.0567669793870886,0.0
11350625,중계2.3동,노원구,31860.96510233333,3313.5403706426664,1.87661542737161,1.0425641263175611,0.0
11440655,서강동,마포구,27483.662867,2858.300938168,1.989173132016445,1.1050961844535807,0.0
11440630,신수동,마포구,16690.502371666666,1735.8122466533332,2.053575340748542,1.1408751893047457,0.0
11440610,염리동,마포구,18558.439329333334,1930.0776902506666,1.892033838372725,1.0511299102070697,0.0
11230750,이문2동,동대문구,14840.764171666668,1543.4394738533333,1.9456393276552113,1.0809107375862286,0.0
11260520,면목2동,중랑구,22419.954705333334,2331.675289354667,1.8963365781291568,1.053520321182865,0.0
11260540,면목4동,중랑구,17052.086812333335,1773.4170284826666,1.8362255738244921,1.0201253187913846,0.0
11230740,이문1동,동대문구,36764.67823966667,3823.5265369253334,1.8084646316811832,1.004702573156213,0.0
11260550,면목5동,중랑구,12720.389503333332,1322.9205083466666,2.0277046228085016,1.1265025682269454,0.0
11380600,응암3동,은평구,24052.643974666666,2501.474973365333,2.2638883618458903,1.2577157565810502,0.0
11380590,응암2동,은평구,20643.205589666668,2146.8933813253334,2.187984728497712,1.215547071387618,0.0
11380580,응암1동,은평구,24198.180321333333,2516.6107534186667,1.9835151114957812,1.1019528397198786,0.0
11320681,쌍문4동,도봉구,13781.606268333333,1433.2870519066666,1.8536594489316185,1.0298108049620103,0.0
11320690,방학1동,도봉구,22151.307716333333,2303.7360024986665,1.9172705693749075,1.0651503163193932,0.0
11320700,방학2동,도봉구,11102.163297,1154.6249828879997,2.079904995670154,1.1555027753723077,0.0
11710600,석촌동,송파구,28218.65957566667,2934.7405958693334,2.4456283167292514,1.3586823981829175,0.0
11230600,답십리1동,동대문구,26390.435363,2744.605277752,1.8167256687595925,1.0092920381997736,0.0
11230610,답십리2동,동대문구,24653.506980333335,2563.964725954667,1.9532865932236945,1.0851592184576082,0.0
11230660,장안2동,동대문구,29859.062259333332,3105.3424749706664,1.9665915734942527,1.0925508741634737,0.0
11230570,전농2동,동대문구,14192.212369666668,1475.9900864453334,1.8245530144906505,1.0136405636059171,0.0
11410615,연희동,서대문구,36960.688816,3843.911636864,2.399352121914122,1.3329734010634011,0.0
11350700,상계8동,노원구,21369.859403333332,2222.4653779466666,2.2471996067843394,1.2484442259912998,0.0
11410585,신촌동,서대문구,40615.18882166667,4223.979637453333,2.2550602726616393,1.2528112625897998,0.0
11380632,신사2동,은평구,16459.464033333334,1711.7842594666665,2.0185843808029627,1.121435767112757,0.0
11740550,고덕1동,강동구,26870.717840666664,2794.554655429333,2.516849764481067,1.3982498691561485,0.0
11740540,명일2동,강동구,15302.909093666667,1591.5025457413333,2.685620915118845,1.4920116195104696,0.0
11350720,상계10동,노원구,11363.829307,1181.8382479279999,2.3911604398986857,1.328422466610381,0.0
11710620,가락본동,송파구,40924.00089033334,4256.0960925946665,2.9744308894376825,1.652461605243157,0.0
11740650,성내2동,강동구,25912.351903,2694.8845979119997,2.1502746063449942,1.1945970035249969,0.0
11740660,성내3동,강동구,29308.85964366667,3048.1214029413336,2.236557572870255,1.2425319849279197,0.0
11710570,오금동,송파구,37776.514759,3928.7575349359995,2.4901064139254134,1.3833924521807854,0.0
11740640,성내1동,강동구,22345.178587333332,2323.8985730826666,2.198086498170813,1.221159165650452,0.0
11740600,천호1동,강동구,31643.404952666668,3290.9141150773335,2.0992259729337173,1.166236651629843,0.0
11740590,암사3동,강동구,18494.159998333333,1923.3926398266665,1.9525770452397033,1.0847650251331686,0.0
11740610,천호2동,강동구,45524.777171,4734.576825784,1.9806495311652228,1.1003608506473461,0.0
11740620,천호3동,강동구,30965.450468,3220.406848672,1.9003992795822433,1.055777377545691,0.0
11740570,암사1동,강동구,33259.86899733334,3459.026375722667,1.9998430634465045,1.111023924136947,0.0
11740580,암사2동,강동구,14983.299791333335,1558.2631782986668,1.9410450000903827,1.078358333383546,0.0
11710632,가락2동,송파구,23204.234879666667,2413.2404274853334,2.3127545221434147,1.2848636234130082,0.0
11710590,송파2동,송파구,19200.458731333332,1996.8477080586665,2.9200115748575377,1.6222286526986323,0.0
11710580,송파1동,송파구,26258.287610333333,2730.8619114746666,2.605372791296481,1.447429328498045,0.0
11710631,가락1동,송파구,31994.758349,3327.454868296,2.8321785018714047,1.5734325010396695,0.0
11110700,숭인1동,종로구,7960.216371333334,827.8625026186667,1.8418921159941604,1.0232733977745336,0.0
11710610,삼전동,송파구,30654.46860533333,3188.064734954666,1.9621916583753283,1.0901064768751825,0.0
11320513,창3동,도봉구,11489.992496666666,1194.959219653333,2.147859061419437,1.1932550341219097,0.0
11200560,행당1동,성동구,38542.60792333334,4008.4312240266668,1.909436550845607,1.060798083803115,0.0
11500591,화곡6동,강서구,21916.055069000002,2279.2697271760003,2.0663295309005916,1.1479608505003287,0.0
11500590,화곡본동,강서구,32335.886358666667,3362.932181301333,2.6000328640598216,1.4444627022554566,0.0
11500593,화곡8동,강서구,85615.65955066668,8904.028593269333,2.4030599495765723,1.335033305320318,0.0
11500603,가양1동,강서구,21995.028091666667,2287.4829215333334,1.9115879979450128,1.061993332191674,0.0
11500615,우장산동,강서구,31796.76665733333,3306.8637323626663,2.364522021435058,1.3136233452416992,0.0
11500611,발산1동,강서구,27934.611132333335,2905.1995577626667,2.143810894687189,1.191006052603994,0.0
11215730,군자동,광진구,23219.346960333336,2414.8120838746668,1.930150090478007,1.0723056058211151,0.0
11200790,용답동,성동구,16258.328457333333,1690.8661595626666,1.8754684012535239,1.0419268895852911,0.0
11530510,신도림동,구로구,29261.848847,3043.232280088,1.8115534804791142,1.0064186002661746,0.0
11470630,신정2동,양천구,16967.722157666667,1764.6431043973332,2.1741882316977588,1.2078823509431995,0.0
11470610,신월6동,양천구,3156.985713,328.326514152,1.914098683138186,1.0633881572989923,0.0
11470620,신정1동,양천구,16662.190444333333,1732.8678062106667,2.208901150184554,1.2271673056580858,0.0
11215780,능동,광진구,11118.619714666667,1156.3364503253333,1.8459829624202624,1.0255460902334792,0.0
11470600,신월5동,양천구,11515.024422666667,1197.5625399573335,1.8218335259089877,1.0121297366161044,0.0
11500520,등촌1동,강서구,22100.931808333335,2298.4969080666665,1.923844881882902,1.068802712157168,0.0
11500530,등촌2동,강서구,18587.582103333334,1933.1085387466667,2.171609869308467,1.206449927393593,0.0
11500535,등촌3동,강서구,27538.195052,2863.9722854079996,1.9245444466034043,1.0691913592241136,0.0
11470680,신정7동,양천구,21290.981249666667,2214.2620499653335,2.1834315891482525,1.2130175495268072,0.0
11500540,화곡1동,강서구,54710.793129666665,5689.922485485333,2.121048723468764,1.1783604019270912,0.0
11470670,신정6동,양천구,19630.026343666665,2041.522739741333,2.1382627809931254,1.187923767218403,0.0
11470650,신정4동,양천구,36346.780432,3780.065164928,2.294041131338236,1.274467295187909,0.0
11470640,신정3동,양천구,41738.576077666665,4340.811912077333,2.0898454239731175,1.161025235540621,0.0
11470510,목1동,양천구,30270.677787666667,3148.1504899173333,2.1939507916558787,1.2188615509199328,0.0
11470530,목3동,양천구,18895.955771,1965.179400184,2.0952359265635483,1.1640199592019713,0.0
11440710,연남동,마포구,17271.998248,1796.287817792,2.105815456123622,1.1698974756242346,0.0
11440720,성산1동,마포구,20863.175382666665,2169.770239797333,1.86557745596056,1.036431919978089,0.0
11440660,서교동,마포구,45959.507551999995,4779.788785407999,2.0201814312528272,1.122323017362682,0.0
11500570,화곡4동,강서구,17691.905994999997,1839.9582234799996,2.3410092446052087,1.3005606914473382,0.0
11500560,화곡3동,강서구,18007.294245666664,1872.758601549333,2.1772651234267237,1.2095917352370689,0.0
11500550,화곡2동,강서구,12689.430550333333,1319.7007772346665,2.317429167405834,1.2874606485587967,0.0
11230720,휘경1동,동대문구,18484.983969999997,1922.4383328799997,1.9221135778514244,1.0678408765841247,0.0
11230730,휘경2동,동대문구,20273.883608666667,2108.483895301333,1.9148482659474144,1.0638045921930082,0.0
11320670,쌍문2동,도봉구,17631.119909,1833.636470536,2.2421751121450173,1.2456528400805653,0.0
11440600,대흥동,마포구,20135.967393333336,2094.140608906667,1.9694231177680885,1.094123954315605,0.0
11410690,남가좌1동,서대문구,11105.011044,1154.921148576,1.9186443897653005,1.0659135498696115,0.0
11410700,남가좌2동,서대문구,21172.515947666667,2201.941658557333,2.120372793445969,1.1779848852477608,0.0
11410710,북가좌1동,서대문구,16455.44975533333,1711.3667745546663,1.8909652848298988,1.0505362693499438,0.0
11410640,홍제3동,서대문구,15223.139248333335,1583.2064818266667,1.813414696238504,1.0074526090213913,0.0
11470590,신월4동,양천구,12981.887367333333,1350.1162862026665,1.9385621139409985,1.0769789521894437,0.0
11470540,목4동,양천구,20383.953063666664,2119.931118621333,2.109641856298324,1.172023253499069,0.0
11470570,신월2동,양천구,11860.491902000002,1233.491157808,2.014745430461928,1.1193030169232934,0.0
11410720,북가좌2동,서대문구,30009.54070166667,3120.9922329733336,1.8612272708089495,1.0340151504494164,0.0
11380631,신사1동,은평구,22979.146030333333,2389.8311871546666,1.9874843847789363,1.1041579915438535,0.0
11530730,고척2동,구로구,17553.068107333333,1825.5190831626664,1.8005301865663832,1.0002945480924352,0.0
11215840,자양3동,광진구,23757.031547666666,2470.731280957333,1.8273726993112485,1.015207055172916,0.0
11215847,자양4동,광진구,23277.944938,2420.906273552,1.947810898952216,1.0821171660845645,0.0
11170590,용문동,용산구,8276.196270666667,860.7244121493334,1.877265497254204,1.0429252762523356,0.0
11200590,금호1가동,성동구,14042.796622666667,1460.4508487573332,1.80803133587274,1.0044618532626335,0.0
11200620,금호4가동,성동구,11058.898358,1150.125429232,2.0200891947226083,1.1222717748458937,0.0
11200690,성수2가3동,성동구,32832.55257766666,3414.5854680773327,2.244249158738648,1.2468050881881378,0.0
11200670,성수2가1동,성동구,15531.726771,1615.299584184,2.123312332850874,1.1796179626949301,0.0
11200660,성수1가2동,성동구,16246.155916666668,1689.6002153333334,2.071363470327191,1.1507574835151062,0.0
11200650,성수1가1동,성동구,13604.212562666668,1414.8381065173332,2.2235769357225785,1.235320519845877,0.0
11200645,옥수동,성동구,27260.875961333335,2835.1310999786665,2.2538493007972003,1.252138500442889,0.0
11200720,송정동,성동구,10763.504067333333,1119.4044230026666,2.065390693002003,1.1474392738900019,0.0
11200550,사근동,성동구,18615.015986000002,1935.961662544,1.8266954966736604,1.014830831485367,0.0
11350640,상계2동,노원구,23746.967344333334,2469.6846038106664,2.0576137251766315,1.1431187362092399,0.0
11200520,왕십리2동,성동구,17689.657474666667,1839.7243773653333,1.8116516535035578,1.00647314083531,0.0
11530720,고척1동,구로구,22872.077819666665,2378.696093245333,1.822804206010542,1.01266900333919,0.0
11320512,창2동,도봉구,34941.695075,3633.9362878,2.1813850222511837,1.2118805679173243,0.0
11350695,상계6.7동,노원구,41355.25115833333,4300.946120466667,2.295553017791388,1.2753072321063268,0.0
11200540,마장동,성동구,19951.897494,2074.997339376,1.8093193292837615,1.0051774051576454,0.0
11650590,방배본동,서초구,18191.53178233333,1891.9193053626664,2.0265925588476015,1.1258847549153344,0.0
11650621,방배4동,서초구,26153.02899933333,2719.9150159306664,1.843009680038492,1.0238942666880513,0.0
11650652,양재2동,서초구,27065.43008033333,2814.804728354666,1.9241653195595143,1.0689807330886192,0.0
11650651,양재1동,서초구,50313.57394466666,5232.611690245332,1.8505286218614623,1.0280714565897013,0.0
11170700,보광동,용산구,6496.587916333333,675.6451432986665,2.011822605446448,1.1176792252480268,0.0
11590651,사당5동,동작구,11722.701174666667,1219.1609221653332,1.8682917291232468,1.037939849512915,0.0
11590630,사당2동,동작구,29218.93138333333,3038.768863866666,1.830148686126507,1.0167492700702818,0.0
11650510,서초1동,서초구,25003.50149733333,2600.3641557226665,2.6230834700226233,1.4572685944570132,0.0
11170570,원효로2동,용산구,15967.733511333332,1660.6442851786665,1.842859809097987,1.0238110050544373,0.0
11320514,창4동,도봉구,28280.234435333336,2941.1443812746666,2.438010522804942,1.35445029044719,0.0
11260570,면목7동,중랑구,16922.240146333334,1759.9129752186666,1.9822184833317005,1.1012324907398336,0.0
11320515,창5동,도봉구,17014.340859333333,1769.4914493706665,2.5218250692372486,1.4010139273540272,0.0
11170510,후암동,용산구,14720.568627,1530.939137208,1.901456161197944,1.0563645339988579,0.0
11170530,남영동,용산구,8288.131625666667,861.9656890693333,1.834210467611101,1.0190058153395007,0.0
11305535,미아동,강북구,21010.82518766667,2185.1258195173336,1.8371854000107344,1.0206585555615193,0.0
11320511,창1동,도봉구,19187.403205000002,1995.48993332,2.213457212504224,1.2296984513912357,0.0
11710562,방이2동,송파구,38130.052339333335,3965.5254432906668,2.4713028697791524,1.3729460387661958,0.0
11710561,방이1동,송파구,14938.098931666666,1553.562288893333,2.740106980650435,1.5222816559169086,0.0
11650520,서초2동,서초구,30404.32878433333,3162.050193570666,2.93569626574413,1.63094236985785,0.0
11710566,오륜동,송파구,19478.654530666667,2025.7800711893333,2.6396542647258574,1.4664745915143653,0.0
11650550,반포본동,서초구,3960.1860033333332,411.85934434666666,1.948124889381614,1.082291605212008,0.0
11650540,잠원동,서초구,37960.94170833333,3947.937937666666,2.7329472757670077,1.5183040420927822,0.0
11710510,풍납1동,송파구,14042.803313,1460.4515445519999,2.209723265287099,1.2276240362706106,0.0
11710531,거여1동,송파구,13608.573478,1415.291641712,1.9394891884913787,1.0774939936063217,0.0
11260610,중화2동,중랑구,26101.417699333335,2714.5474407306665,1.886362753081386,1.0479793072674368,0.0
11680690,개포4동,강남구,16606.426146666665,1727.0683192533331,2.2653377626717326,1.2585209792620737,0.0
11650530,서초3동,서초구,45293.69345333333,4710.544119146666,2.5114175146025577,1.3952319525569767,0.0
11650531,서초4동,서초구,33449.962416,3478.796091264,3.0583879552411855,1.6991044195784366,0.0
11650581,반포4동,서초구,30713.718374333333,3194.2267109306667,2.330898996175256,1.2949438867640313,0.0
11650580,반포3동,서초구,22784.695195,2369.60830028,2.436350416120573,1.353528008955874,0.0
11650570,반포2동,서초구,24452.427904666667,2543.0525020853333,2.157245091046724,1.198469495025958,0.0
11650560,반포1동,서초구,32396.473275666664,3369.2332206693327,2.9883666574124974,1.6602036985624988,0.0
11680521,논현1동,강남구,31555.799613333333,3281.8031597866666,3.1861409937581757,1.7700783298656533,0.0
11110710,숭인2동,종로구,10493.735407333334,1091.3484823626666,1.8521760712195041,1.028986706233058,0.0
11140635,약수동,중구,14020.017757666667,1458.0818467973334,1.8464020359781013,1.025778908876723,0.0
11710520,풍납2동,송파구,30659.84379566667,3188.623754749334,2.3276359424318467,1.2931310791288038,0.0
11680750,수서동,강남구,17627.010448666668,1833.2090866613335,2.2993198058325373,1.2773998921291876,0.0
11680730,일원1동,강남구,13838.204858666666,1439.1733053013331,1.8715007951805607,1.0397226639892005,0.0
11680650,역삼2동,강남구,47444.462388,4934.224088352,3.1599802314411445,1.7555445730228583,0.0
11680510,신사동,강남구,21890.919201666668,2276.655596973333,2.787222514389182,1.5484569524384344,0.0
11680610,대치2동,강남구,36789.072678000004,3826.0635585120003,2.6901523211556286,1.4945290673086826,0.0
11680630,대치4동,강남구,29204.300753,3037.2472783119997,2.870503565712763,1.5947242031737574,0.0
11680600,대치1동,강남구,27560.374786,2866.278977744,2.469056125226892,1.3716978473482735,0.0
11680590,삼성2동,강남구,34319.450075333334,3569.2228078346666,2.7046105900117556,1.50256143889542,0.0
11680565,청담동,강남구,31521.549253666668,3278.2411223813333,2.6584380046561416,1.4769100025867454,0.0
11680640,역삼1동,강남구,60562.37408,6298.48690432,3.1527375429637448,1.7515208572020806,0.0
11680656,도곡2동,강남구,26892.333127666665,2796.802645277333,2.080991257492729,1.1561062541626272,0.0
11680655,도곡1동,강남구,41518.00358233333,4317.872372562666,2.5178014095451218,1.3987785608584011,0.0
11680545,압구정동,강남구,28857.420449999998,3001.1717267999998,2.6391747257536062,1.4662081809742258,0.0
11680531,논현2동,강남구,33227.56377766667,3455.6666328773335,2.9257820712037192,1.6254344840020665,0.0
11680580,삼성1동,강남구,18290.018158666666,1902.1618885013331,2.9105843128001023,1.6169912848889458,0.0
11710641,문정1동,송파구,23073.65362366667,2399.6599768613332,2.4490407934211413,1.3605782185673008,0.0
11740685,길동,강동구,60341.072025333335,6275.471490634666,2.0942225494839946,1.1634569719355528,0.0
11740690,둔촌1동,강동구,35205.29863033333,3661.351057554666,2.1151916514551794,1.1751064730306553,0.0
11740700,둔촌2동,강동구,26386.466749666666,2744.192541965333,2.077882069491415,1.1543789274952307,0.0
11740530,명일1동,강동구,23966.887456333334,2492.5562954586667,2.5385560700341863,1.4103089277967702,0.0
11710720,잠실7동,송파구,9586.555283666667,997.0017495013333,2.446792187890557,1.3593289932725319,0.0
11710710,잠실6동,송파구,19615.63977066667,2040.0265361493334,2.322287033514271,1.290159463063484,0.0
11710690,잠실4동,송파구,34570.18113633333,3595.2988381786663,2.495539365462435,1.3864107585902419,0.0
11710680,잠실3동,송파구,37514.20977566667,3901.4778166693336,2.083520248991035,1.157511249439464,0.0
11710670,잠실2동,송파구,34114.57384633333,3547.9156800186665,2.200479832237235,1.222488795687353,0.0
11710650,잠실본동,송파구,35859.20558066667,3729.3573803893332,2.235359144842108,1.241866191578949,0.0
11710646,장지동,송파구,33483.058812999996,3482.2381165519996,2.0249570519226476,1.1249761399570266,0.0
11710642,문정2동,송파구,30487.680559999997,3170.7187782399997,2.2654544952741866,1.2585858307078817,0.0
