unit_id,row,col,pop,elderly,single,basic,crisis,medical_access,welfare_access,blindspot_risk,crisis_lag,access_lag,elderly_lag,pred_risk,priority_rank
31,2,1,7509.0,0.2838,0.5105,0.1144,21.5078,28.3672,20.9202,18.6979,13.4663,27.2903,0.2694,18.2634,1
75,5,0,12093.0,0.4067,0.4092,0.1001,13.6142,25.0713,16.0923,17.6537,15.3572,25.9087,0.2256,17.2576,2
44,2,14,16179.0,0.3333,0.3378,0.1107,11.1902,34.7833,14.1487,16.921,14.0886,27.3573,0.2485,16.7268,3
104,6,14,10996.0,0.2774,0.42,0.1029,16.8486,24.5373,23.6541,16.9062,13.1725,23.0029,0.2554,16.6815,4
30,2,0,9802.0,0.3687,0.4872,0.128,15.0579,36.4335,29.3124,16.5823,15.1247,27.4454,0.2255,16.6068,5
88,5,13,20014.0,0.2751,0.3375,0.1012,19.0932,22.0907,13.9445,16.8833,13.1629,26.0865,0.2527,16.5951,6
78,5,3,13455.0,0.3384,0.3858,0.0715,14.2687,14.2255,28.5096,16.5694,13.7816,25.1738,0.21,16.4169,7
107,7,2,16932.0,0.2886,0.3872,0.0909,14.3625,26.9055,20.7871,15.9688,13.0543,27.2925,0.2089,15.7422,8
80,5,5,16774.0,0.2231,0.3792,0.0942,19.4644,28.169,20.1477,16.1174,11.0216,18.9379,0.2354,15.6706,9
105,7,0,2077.0,0.2506,0.3085,0.1188,12.5327,36.566,16.2584,15.8398,14.1257,26.8617,0.219,15.6295,10
62,4,2,15183.0,0.3166,0.3151,0.0869,16.4012,23.9555,29.4538,15.4086,13.5896,27.2487,0.2378,15.6198,11
45,3,0,12272.0,0.1727,0.3682,0.1086,11.3848,28.9167,13.3138,16.5849,12.9844,27.1817,0.2891,15.5953,12
117,7,12,13504.0,0.289,0.3752,0.0787,12.319,11.1574,22.2412,16.0732,10.8988,29.7973,0.2503,15.4068,13
87,5,12,11907.0,0.262,0.4345,0.1017,12.2543,29.582,19.6923,15.8195,13.5049,20.3291,0.2594,15.3774,14
43,2,13,9876.0,0.2599,0.3577,0.1255,15.0945,23.8418,11.6168,15.905,15.3343,23.4754,0.2261,15.3758,15
92,6,2,10422.0,0.2314,0.4171,0.1498,11.9999,25.9485,15.309,15.5725,13.6397,25.99,0.249,15.3306,16
121,8,1,9757.0,0.2108,0.4258,0.1115,11.5946,26.9044,25.8533,16.336,13.0097,25.1015,0.2279,15.2437,17
103,6,13,15015.0,0.2411,0.3612,0.1243,15.7118,19.3991,21.0472,15.4505,14.8456,26.762,0.2701,15.1209,18
73,4,13,13492.0,0.3024,0.2853,0.1236,9.7707,27.7781,15.67,15.185,15.0374,23.7236,0.2569,15.0888,19
90,6,0,12679.0,0.1702,0.4034,0.1452,16.9545,23.5953,29.808,15.1128,12.6806,27.5612,0.3102,15.0637,20
106,7,1,8014.0,0.2432,0.3006,0.1182,11.9816,29.1033,20.4529,15.7948,12.5962,27.8556,0.2558,15.049,21
15,1,0,6488.0,0.2201,0.267,0.1219,12.4814,25.0524,16.2824,15.1888,14.6267,26.2539,0.3145,14.9681,22
89,5,14,15297.0,0.2051,0.3511,0.1054,14.915,27.5867,26.2042,14.6475,16.7178,22.4433,0.2834,14.6661,23
118,7,13,6060.0,0.2609,0.3464,0.1022,11.1971,30.4448,20.5391,14.52,13.6462,18.6561,0.2458,14.6061,24
46,3,1,10351.0,0.252,0.4182,0.1293,11.561,20.5656,24.351,14.5488,14.3122,27.6809,0.2591,14.5606,25
102,6,12,14457.0,0.2672,0.2751,0.0773,12.2432,29.9753,20.5557,14.9268,12.9714,22.5296,0.2583,14.5494,26
41,2,11,7995.0,0.2211,0.3626,0.0977,12.1096,24.1772,15.1582,14.5174,15.8359,18.6914,0.1544,14.5045,27
74,4,14,9506.0,0.2979,0.4223,0.0891,14.2116,20.702,17.4953,14.4916,12.1432,28.2767,0.2587,14.4936,28
57,3,12,11846.0,0.2635,0.3666,0.1581,12.5134,30.8271,25.6171,14.1785,15.1939,21.8761,0.2205,14.4475,29
14,0,14,2000.0,0.2688,0.2896,0.1131,14.6,12.4965,18.5437,14.7004,14.1386,19.2589,0.2305,14.4406,30
76,5,1,9601.0,0.2598,0.515,0.1416,16.7825,29.585,26.4555,14.133,12.8478,27.9,0.2842,14.347,31
77,5,2,18480.0,0.1675,0.3954,0.1023,14.9643,35.2012,31.5659,14.5784,14.8631,23.4286,0.2865,14.3229,32
42,2,12,18734.0,0.211,0.4451,0.0887,21.4445,20.8113,19.6869,14.0047,12.7982,24.3387,0.2374,14.3022,33
2,0,2,13681.0,0.2709,0.4147,0.085,10.8951,30.5884,16.206,14.8848,12.0048,22.6524,0.1724,14.2871,34
47,3,2,4769.0,0.2907,0.2611,0.0354,13.4381,23.1586,16.142,13.678,13.2484,26.1649,0.2364,14.2442,35
61,4,1,12390.0,0.2894,0.3712,0.1174,10.918,30.2811,17.4081,13.5725,14.2698,24.663,0.2688,14.2092,36
49,3,4,5762.0,0.2972,0.3113,0.01,10.5497,24.3127,20.5117,14.8622,12.2131,23.0335,0.2134,14.1895,37
0,0,0,6710.0,0.3224,0.3757,0.1034,14.125,20.5649,18.5234,13.7267,9.7735,20.749,0.1779,14.176,38
91,6,1,10244.0,0.2734,0.3578,0.1514,11.8949,21.0464,18.9638,13.9971,14.4296,27.058,0.2261,14.1227,39
29,1,14,14265.0,0.217,0.2055,0.0996,15.4273,28.765,18.4137,14.6475,13.0647,19.0304,0.2571,14.1011,40
16,1,1,4758.0,0.2524,0.3981,0.1374,14.6973,21.7635,23.6113,13.9207,13.5858,24.7311,0.2059,14.0978,41
18,1,3,7219.0,0.2787,0.3026,0.1236,14.17,20.9906,20.3312,14.4953,14.0869,17.9376,0.1718,14.0677,42
120,8,0,8958.0,0.2435,0.3413,0.1038,13.441,27.8866,13.598,14.1419,11.2149,30.6492,0.2182,14.0468,43
285,19,0,8762.0,0.327,0.355,0.0538,9.9031,29.8119,21.5363,14.1171,8.1878,23.4806,0.1551,14.0139,44
11,0,11,10044.0,0.2011,0.3134,0.0694,13.4509,18.1443,2.0224,14.7346,14.696,19.4896,0.2035,14.0097,45
26,1,11,14915.0,0.1129,0.2845,0.0626,18.2058,24.028,17.6803,14.2651,12.5039,19.8402,0.2063,13.9239,46
134,8,14,13648.0,0.2678,0.3498,0.0716,9.4771,23.3181,10.2143,13.6411,14.2643,20.9561,0.2341,13.8986,47
48,3,3,11314.0,0.1724,0.367,0.1124,12.4824,29.7399,18.6518,13.9264,13.2547,20.5066,0.2398,13.8689,48
181,12,1,2000.0,0.2656,0.3064,0.0646,11.8159,11.0792,10.8715,14.4143,16.6508,14.6232,0.1764,13.8418,49
149,9,14,11563.0,0.249,0.2862,0.1008,16.2387,18.8006,27.9789,14.0982,11.6083,24.6874,0.2398,13.7251,50
72,4,12,10500.0,0.2638,0.29,0.0902,11.5458,23.6063,13.8369,13.7412,10.8368,26.2095,0.2732,13.7129,51
17,1,2,3001.0,0.1838,0.3454,0.0964,13.2883,29.0592,21.3035,12.8058,13.0779,25.9352,0.2516,13.6531,52
64,4,4,11802.0,0.2329,0.3424,0.0946,14.7081,18.8268,20.5505,12.7073,13.0062,21.707,0.2497,13.5534,53
108,7,3,2000.0,0.1484,0.3411,0.1197,15.4712,24.5798,17.8153,13.8037,12.3354,23.5736,0.2126,13.5377,54
101,6,11,3662.0,0.241,0.3262,0.0725,11.6004,29.9798,23.4943,13.598,11.4127,22.1371,0.235,13.5257,55
27,1,12,9693.0,0.205,0.4044,0.0873,11.4753,18.5088,23.1924,13.2911,16.8683,19.0741,0.192,13.4906,56
79,5,4,11128.0,0.2025,0.3263,0.0983,11.7869,24.3333,9.3138,12.8925,15.1646,20.4612,0.2576,13.4824,57
226,15,1,15298.0,0.2905,0.3321,0.1269,7.1419,15.3965,19.3556,14.0861,12.6411,14.8508,0.1649,13.4193,58
179,11,14,17894.0,0.3302,0.2381,0.1081,6.7178,16.5636,16.8788,13.8512,12.2886,15.0512,0.1665,13.3544,59
59,3,14,10071.0,0.2685,0.3573,0.1277,11.7438,29.4653,16.5203,12.6892,13.5669,27.9936,0.274,13.3212,60
164,10,14,10481.0,0.1677,0.3553,0.07,13.6656,29.1193,13.5563,13.9937,11.7157,20.6114,0.2199,13.2685,61
95,6,5,15382.0,0.1925,0.2575,0.0722,6.1415,18.6101,9.7632,14.0873,13.9702,21.2434,0.1997,13.1922,62
32,2,2,7263.0,0.2045,0.3232,0.1248,12.5491,30.3984,13.5455,12.7934,15.5567,23.6965,0.2316,13.1808,63
148,9,13,15664.0,0.2838,0.3162,0.065,11.6821,21.6249,13.4165,12.0662,14.0802,22.8058,0.1595,13.1014,64
94,6,4,13031.0,0.2361,0.2672,0.0698,12.2173,20.6234,13.1846,13.3271,10.5844,19.5635,0.197,13.1002,65
273,18,3,2958.0,0.1724,0.3337,0.0575,16.5065,31.2256,15.184,13.169,12.4733,15.2881,0.1833,13.0462,66
119,7,14,16762.0,0.3201,0.2966,0.1189,8.8908,22.0227,13.357,12.1095,12.5076,26.1001,0.2687,12.9286,67
151,10,1,14249.0,0.2207,0.3006,0.0688,11.6149,26.3515,16.0125,12.3481,12.3063,18.287,0.2271,12.923,68
58,3,13,18959.0,0.1908,0.416,0.0924,15.2988,28.4956,20.4475,12.2637,12.2806,27.9781,0.2736,12.9184,69
135,9,0,19438.0,0.1933,0.3443,0.0861,9.5173,28.4773,25.2488,13.6236,11.922,20.0373,0.2231,12.9143,70
256,17,1,21198.0,0.1682,0.3409,0.0755,12.7613,29.392,12.6349,12.7736,9.8412,24.9875,0.1728,12.8791,71
136,9,1,13874.0,0.2125,0.394,0.1202,13.8517,13.8778,18.9354,12.58,11.3008,27.8805,0.2018,12.8683,72
63,4,3,10211.0,0.2035,0.3406,0.1031,15.0382,20.354,26.2967,12.1178,14.4651,21.6869,0.2651,12.8646,73
288,19,3,13313.0,0.2103,0.1648,0.0865,14.9519,19.7815,11.0824,13.6186,13.9794,21.5047,0.2044,12.8422,74
272,18,2,11946.0,0.2148,0.3608,0.0701,11.9227,10.6945,4.7112,12.5643,13.7531,23.443,0.1743,12.8407,75
167,11,2,17315.0,0.2948,0.2809,0.0821,11.5062,17.8754,13.7045,13.3867,12.2958,16.8423,0.2225,12.8149,76
163,10,13,15448.0,0.0806,0.3416,0.0909,12.1904,26.4699,11.3295,13.0201,11.8681,20.0725,0.1902,12.6744,77
122,8,2,11911.0,0.2126,0.213,0.1076,12.7646,29.5384,9.8679,12.7238,12.2508,28.9192,0.2126,12.6366,78
65,4,5,11538.0,0.2956,0.2308,0.0508,14.6498,17.828,17.7638,12.8514,16.2644,16.6242,0.2085,12.617,79
56,3,11,15098.0,0.2165,0.2677,0.0628,12.4864,14.5911,14.1288,13.1735,12.0088,20.8222,0.2359,12.6085,80
147,9,12,9071.0,0.1752,0.3404,0.0807,10.2283,23.9074,8.8721,13.8239,9.8727,18.6669,0.2111,12.5864,81
137,9,2,14632.0,0.1824,0.3931,0.0796,12.4764,29.7887,12.8997,11.359,12.5569,21.549,0.2273,12.5805,82
133,8,13,13080.0,0.1331,0.3245,0.0989,17.6633,22.0451,23.8281,12.3156,10.1996,24.3608,0.2562,12.5648,83
196,13,1,14411.0,0.1002,0.3691,0.1065,21.1283,14.0852,14.929,13.0278,12.062,14.3431,0.1947,12.5414,84
182,12,2,10730.0,0.1783,0.4029,0.0671,15.744,10.7739,11.4058,12.4144,11.4718,19.5527,0.2295,12.4868,85
138,9,3,22843.0,0.2038,0.2481,0.1141,10.2031,24.0989,15.4006,12.4855,10.4271,24.2765,0.2228,12.4576,86
271,18,1,16500.0,0.2153,0.2705,0.0355,9.9728,21.622,9.6078,13.3971,10.2649,21.7619,0.1733,12.4461,87
227,15,2,15685.0,0.204,0.3069,0.068,16.2904,14.609,2.0,13.0595,9.4287,13.7596,0.1954,12.4368,88
93,6,3,3483.0,0.2666,0.2158,0.1311,13.3371,20.8068,8.8581,12.0796,13.4893,21.3443,0.2386,12.4355,89
240,16,0,9341.0,0.0947,0.4135,0.1024,17.99,12.505,16.4908,12.3024,9.5453,22.0398,0.1702,12.4071,90
86,5,11,6694.0,0.2314,0.371,0.0426,11.1373,5.6442,10.2149,12.5292,11.3056,21.4333,0.2337,12.4023,91
166,11,1,7492.0,0.2022,0.3345,0.0553,13.492,22.2419,17.6155,12.6352,12.1334,17.0858,0.238,12.3061,92
3,0,3,11590.0,0.1978,0.2897,0.1202,15.6604,22.4521,14.0546,11.5884,11.5026,20.3134,0.2331,12.3057,93
195,13,0,19449.0,0.2198,0.2871,0.0865,15.1007,16.3522,13.1282,12.1874,17.6194,13.1935,0.1477,12.2913,94
60,4,0,15997.0,0.2467,0.258,0.145,12.3344,24.546,24.2018,11.9117,11.9723,28.0897,0.2896,12.1401,95
125,8,5,15870.0,0.172,0.3956,0.0569,12.7824,23.3841,7.2318,12.6852,11.5947,12.7252,0.1745,12.124,96
162,10,12,5067.0,0.1294,0.3675,0.0659,12.5968,19.0022,14.1092,13.154,12.8529,17.0954,0.1174,12.1218,97
81,5,6,3318.0,0.2511,0.342,0.0251,11.5083,14.98,19.7842,12.0523,14.0452,17.8845,0.1711,12.0968,98
132,8,12,15506.0,0.2121,0.3638,0.0707,8.4422,22.0555,12.319,12.3746,12.13,16.3758,0.1977,12.0805,99
124,8,4,12915.0,0.1714,0.2733,0.0288,7.2053,21.8912,16.027,13.424,11.4921,22.9707,0.1799,12.0703,100
152,10,2,6832.0,0.2804,0.2414,0.0645,13.4082,18.6807,3.4652,12.2262,10.679,21.8345,0.2464,12.0608,101
25,1,10,14096.0,0.1981,0.2533,0.096,12.9798,18.5304,13.1618,12.794,12.9302,14.8975,0.1631,12.0358,102
287,19,2,6508.0,0.1781,0.3061,0.0931,14.6354,11.8408,14.4548,11.483,11.6969,20.2575,0.2001,12.0187,103
28,1,13,14238.0,0.169,0.2757,0.0828,13.4038,9.8113,13.334,11.5906,13.7118,20.2171,0.2315,12.0177,104
34,2,4,13308.0,0.2222,0.3138,0.092,10.2477,33.5344,19.7547,12.0841,12.3744,14.614,0.1878,11.9809,105
1,0,1,10055.0,0.1358,0.2913,0.082,7.0656,16.4457,18.1072,12.2563,13.2391,24.3056,0.2819,11.9728,106
50,3,5,15869.0,0.2261,0.433,0.0335,11.4141,10.0329,12.1187,12.3113,12.8019,17.3565,0.2451,11.9524,107
39,2,9,18208.0,0.2091,0.3304,0.0808,16.1848,23.8817,7.3341,11.7135,11.67,8.3402,0.1883,11.9171,108
252,16,12,11579.0,0.1874,0.3486,0.0624,11.8509,9.8762,16.9055,12.3544,12.2565,8.8442,0.1851,11.9131,109
111,7,6,15218.0,0.0688,0.3465,0.0994,15.9984,14.365,15.2085,12.2709,12.3258,12.8136,0.1749,11.8517,110
255,17,0,11543.0,0.1993,0.3286,0.0836,5.9199,24.3251,19.0797,11.2055,12.9703,19.5206,0.1326,11.8359,111
180,12,0,16904.0,0.2249,0.3239,0.0863,16.239,11.3919,16.9001,11.2745,13.5043,13.4894,0.2188,11.8333,112
197,13,2,11270.0,0.1488,0.352,0.0637,9.7735,26.9409,9.8122,12.0575,15.5368,11.2121,0.1268,11.8332,113
183,12,3,11341.0,0.2087,0.3534,0.0613,12.7914,22.3154,10.6983,11.9722,11.3204,8.9765,0.1526,11.8096,114
116,7,11,11188.0,0.2609,0.2273,0.0772,11.7126,36.7136,12.0908,12.3894,10.6573,16.8646,0.228,11.8084,115
33,2,3,12346.0,0.168,0.2147,0.1244,13.9926,14.2009,18.7155,12.0263,12.3623,28.6658,0.2194,11.8016,116
13,0,13,9146.0,0.2441,0.3605,0.0697,12.8499,9.7528,17.0176,11.0792,14.141,14.6512,0.2377,11.7775,117
254,16,14,17869.0,0.1729,0.3145,0.0758,8.6059,21.1588,13.505,11.4453,12.9281,18.0977,0.1939,11.7405,118
284,18,14,15110.0,0.2264,0.2429,0.0661,13.4939,20.8342,18.3928,10.7369,12.5317,21.969,0.1619,11.6878,119
113,7,8,13616.0,0.1856,0.2737,0.01,15.2774,10.3646,2.0,12.2455,12.5471,14.8372,0.1447,11.6827,120
24,1,9,8396.0,0.2396,0.3032,0.037,10.8454,7.4319,3.8358,11.7222,12.5624,14.5823,0.2014,11.6749,121
100,6,10,12214.0,0.1807,0.3745,0.0643,10.5578,16.2154,10.3859,12.1376,11.0095,16.1079,0.1827,11.6389,122
269,17,14,4930.0,0.2018,0.3071,0.0583,13.9589,33.8337,12.5022,11.4648,10.1627,17.0626,0.2016,11.6303,123
51,3,6,18067.0,0.2394,0.3032,0.0815,14.4592,13.381,15.2017,11.5546,12.9182,11.4932,0.1619,11.6152,124
193,12,13,13849.0,0.2127,0.3315,0.0705,10.8253,13.4158,18.0311,12.164,13.4922,8.74,0.1453,11.5636,125
150,10,0,10988.0,0.2134,0.3326,0.0529,8.4732,18.3476,17.0724,10.1928,11.5762,22.6219,0.195,11.528,126
139,9,4,11145.0,0.2523,0.2059,0.1075,11.544,21.9168,14.0965,12.3368,11.5863,15.8978,0.179,11.521,127
38,2,8,14473.0,0.2098,0.3124,0.0668,12.8344,4.9503,16.0403,12.1028,11.644,11.7111,0.1939,11.4793,128
178,11,13,13165.0,0.1797,0.3031,0.045,9.5279,10.5435,19.8001,12.4949,12.2241,17.8029,0.1828,11.4764,129
126,8,6,13172.0,0.2306,0.3253,0.0118,10.7581,3.0,10.3408,11.6517,12.7385,16.9054,0.156,11.4685,130
154,10,4,19652.0,0.1747,0.4001,0.0203,14.1101,12.1716,12.0192,11.5989,9.6108,11.9185,0.2088,11.3252,131
225,15,0,8354.0,0.1659,0.3082,0.0581,13.1418,16.8754,5.6083,11.2337,13.541,14.0016,0.1678,11.3022,132
71,4,11,17797.0,0.265,0.3312,0.0685,8.809,16.6509,11.4188,11.4713,11.0694,14.7307,0.223,11.294,133
140,9,5,8808.0,0.1659,0.3564,0.0333,14.8266,5.4294,5.0689,11.6815,10.819,15.5519,0.1917,11.2803,134
286,19,1,15512.0,0.1752,0.4179,0.0845,8.216,30.2964,18.0046,10.5257,11.5038,21.0915,0.2401,11.2652,135
270,18,0,12438.0,0.1349,0.3386,0.0477,8.1597,16.6649,13.5691,11.4898,8.5986,25.253,0.2472,11.2083,136
131,8,11,7701.0,0.1936,0.2954,0.059,8.3092,8.3934,8.7655,11.2084,10.1861,19.105,0.2018,11.189,137
109,7,4,10610.0,0.1265,0.3479,0.0762,11.0721,14.5039,15.5323,10.9523,12.1207,21.9186,0.1715,11.1573,138
170,11,5,5941.0,0.1457,0.3624,0.0241,12.1453,6.1935,4.6179,12.2229,9.6485,7.286,0.1357,11.129,139
212,14,2,5728.0,0.1734,0.3059,0.0242,14.6687,16.9896,13.9017,10.5725,12.0548,13.2987,0.1594,11.125,140
298,19,13,14848.0,0.1944,0.3306,0.0985,11.0059,11.9875,3.2355,11.6754,11.2573,15.6074,0.1696,11.1128,141
12,0,12,11256.0,0.2751,0.2209,0.0787,14.4192,21.6459,14.3232,10.4895,12.592,15.4686,0.2167,11.0594,142
55,3,10,9486.0,0.1942,0.3212,0.0958,14.6033,11.6335,8.8431,11.332,11.1486,12.6627,0.1751,11.0553,143
153,10,3,13411.0,0.2878,0.4261,0.1235,7.1182,13.3223,9.2073,10.5234,11.0651,17.656,0.222,11.0543,144
127,8,7,5644.0,0.2276,0.3153,0.0379,12.7658,18.3999,2.3068,10.9295,12.0316,7.5073,0.1421,11.0509,145
54,3,9,9098.0,0.2265,0.3297,0.0381,11.7933,5.6435,13.5499,10.842,11.6521,13.2078,0.21,11.0488,146
22,1,7,13644.0,0.2291,0.3086,0.0573,9.1442,12.0889,16.9789,11.9095,10.2169,5.4418,0.1739,11.024,147
237,15,12,2000.0,0.1952,0.3519,0.0356,13.6825,7.1053,11.9147,10.9162,14.3377,5.4543,0.1269,10.9981,148
155,10,5,13865.0,0.187,0.3673,0.0962,9.5424,5.4341,6.7553,10.2176,13.1327,8.6532,0.1698,10.9695,149
211,14,1,20919.0,0.1446,0.2489,0.0409,11.5579,3.0,18.4225,11.2391,14.6074,15.1436,0.1705,10.8852,150
257,17,2,12363.0,0.1314,0.3279,0.0986,13.8978,29.0838,3.3074,9.9875,10.5241,15.1942,0.1636,10.873,151
265,17,10,12161.0,0.1744,0.3158,0.0129,14.7222,7.3159,6.0219,10.6977,13.412,5.7808,0.1178,10.8471,152
123,8,3,5748.0,0.1686,0.2603,0.113,10.5698,32.0782,25.1638,9.8475,11.4111,25.0271,0.1841,10.7725,153
274,18,4,11237.0,0.2002,0.195,0.0643,10.0349,23.4276,13.5654,10.4724,11.0212,18.311,0.1513,10.7633,154
241,16,1,13442.0,0.1453,0.3074,0.01,9.5742,24.919,16.0911,10.6294,10.5806,17.6837,0.1792,10.7424,155
244,16,4,11424.0,0.1601,0.3021,0.056,13.9282,17.8688,4.2354,11.7287,10.998,5.2875,0.1308,10.7173,156
68,4,8,14601.0,0.2041,0.2798,0.0915,10.209,21.6175,11.8255,10.7501,7.6845,10.7921,0.1719,10.7025,157
67,4,7,14648.0,0.1363,0.3268,0.0399,6.0297,15.5544,15.0791,11.4022,11.449,14.2813,0.1459,10.6547,158
268,17,13,6291.0,0.2056,0.2634,0.0486,8.3885,9.1947,14.4294,10.675,11.7225,17.6046,0.1828,10.639,159
209,13,14,14053.0,0.1936,0.3053,0.0752,12.8719,12.4676,13.9668,9.4029,10.9162,14.027,0.1716,10.6252,160
110,7,5,7280.0,0.13,0.3184,0.0436,13.5889,20.5801,10.9859,10.4003,11.4986,17.7158,0.14,10.5484,161
70,4,10,18148.0,0.1801,0.3467,0.0527,9.1081,15.0812,16.3075,10.0051,11.2266,10.9638,0.213,10.5421,162
10,0,10,15547.0,0.2225,0.2249,0.0314,11.4629,12.7949,2.0,9.9046,12.3671,14.6316,0.2041,10.5042,163
128,8,8,11505.0,0.0778,0.2051,0.04,16.9893,11.9565,12.3607,10.9271,13.2876,14.578,0.1978,10.4978,164
9,0,9,13190.0,0.213,0.2894,0.01,10.6706,7.2202,10.3733,9.7439,9.968,13.2683,0.2083,10.4859,165
146,9,11,13307.0,0.219,0.3964,0.0379,6.7696,11.9849,6.5141,10.3553,9.2873,11.5796,0.1382,10.4424,166
98,6,8,7370.0,0.2107,0.2485,0.0658,10.8194,25.1421,10.2568,10.0923,11.1805,10.484,0.1532,10.4278,167
222,14,12,13562.0,0.2076,0.1989,0.0177,13.1459,4.7489,7.9435,11.6702,11.8728,9.4871,0.1375,10.3814,168
208,13,13,11965.0,0.1194,0.2547,0.073,15.5915,15.926,14.0263,10.9138,10.7312,13.4317,0.1708,10.3532,169
158,10,8,10359.0,0.134,0.2882,0.0254,13.7439,9.4836,3.0478,11.3117,12.5509,6.1815,0.1305,10.324,170
184,12,4,4992.0,0.1478,0.2772,0.0451,12.3924,6.4596,4.5426,10.3726,11.3345,12.9524,0.1287,10.3206,171
249,16,9,9627.0,0.1152,0.2798,0.027,12.736,4.6807,2.0,11.6793,13.1314,3.5342,0.1274,10.3175,172
253,16,13,10419.0,0.2532,0.279,0.0288,11.1309,7.0318,22.8564,9.8958,10.8373,11.1055,0.154,10.2992,173
299,19,14,7274.0,0.1391,0.2461,0.0622,13.1104,19.997,25.4588,9.5913,12.2499,16.4108,0.2104,10.2829,174
192,12,12,9830.0,0.1301,0.3022,0.0585,15.1768,3.0,8.8871,10.6168,13.202,9.6844,0.1531,10.2429,175
242,16,2,6437.0,0.1636,0.3822,0.01,4.4291,13.4411,18.1334,9.7634,12.3563,17.9029,0.1527,10.186,176
259,17,4,13429.0,0.0885,0.3023,0.01,14.8279,7.8865,2.0,10.3943,12.7916,12.8864,0.1488,10.1684,177
130,8,10,4488.0,0.1154,0.3168,0.0821,13.8201,5.6661,2.0,10.9236,9.8917,13.3477,0.1567,10.1653,178
35,2,5,8830.0,0.1483,0.3061,0.0922,11.5487,13.9042,15.9354,9.5581,11.4344,17.2491,0.2012,10.1609,179
165,11,0,13508.0,0.1709,0.2041,0.0668,13.5963,13.037,16.0861,9.5827,12.7347,17.3271,0.2135,10.1538,180
228,15,3,14619.0,0.154,0.3417,0.0305,11.4751,9.2112,8.3557,9.1574,12.1124,8.3793,0.1707,10.1309,181
40,2,10,17108.0,0.0773,0.2198,0.0724,11.2067,15.3351,10.4888,9.9123,13.9694,19.5557,0.2056,10.127,182
85,5,10,13002.0,0.1668,0.2925,0.0917,12.5586,9.5206,16.5183,9.7061,9.2695,12.4064,0.1705,10.1218,183
238,15,13,7011.0,0.05,0.3808,0.0357,14.5041,4.1922,2.6146,10.3051,12.0782,11.9622,0.1766,10.1055,184
141,9,6,13711.0,0.1555,0.3385,0.0598,9.4073,11.4726,7.5649,9.8875,10.7666,5.5619,0.18,10.0689,185
297,19,12,7400.0,0.2246,0.2514,0.0392,10.1356,14.7489,8.4553,9.9595,8.7164,9.0471,0.1717,10.0667,186
52,3,7,8812.0,0.1279,0.3812,0.0578,9.4812,7.74,7.676,10.2427,10.1165,10.8003,0.1892,10.0505,187
66,4,6,8656.0,0.1519,0.2103,0.059,19.4709,9.4682,12.0416,10.1045,11.6617,15.4358,0.2306,10.0319,188
114,7,9,14262.0,0.161,0.2836,0.031,8.0336,10.1772,17.3858,9.9304,11.8081,12.8975,0.169,9.966,189
295,19,10,7584.0,0.1346,0.3436,0.0945,9.4173,9.1771,13.0219,10.268,9.1626,9.759,0.0908,9.9473,190
19,1,4,17300.0,0.1376,0.4003,0.0229,13.4064,6.0382,12.6799,8.516,11.6574,17.6459,0.2163,9.9399,191
112,7,7,9300.0,0.1294,0.2245,0.0375,14.3462,12.0729,12.7556,10.5382,13.7799,14.3499,0.165,9.9285,192
224,14,14,12725.0,0.2433,0.1828,0.0513,3.4847,20.6643,4.5078,9.6576,12.1239,15.3931,0.1505,9.9247,193
99,6,9,8139.0,0.1348,0.28,0.0746,9.4785,7.0034,5.428,10.5913,8.9214,16.0549,0.1606,9.8987,194
7,0,7,8482.0,0.1971,0.2885,0.01,6.8893,7.0705,6.2442,9.2484,10.6438,11.5557,0.1746,9.8919,195
20,1,5,11822.0,0.2148,0.2701,0.0494,12.7694,6.6971,2.0,8.1626,11.5985,8.7659,0.1299,9.8824,196
169,11,4,15838.0,0.1081,0.3819,0.0438,10.2385,7.0007,13.1273,10.138,11.2967,10.1243,0.1743,9.8768,197
143,9,8,9893.0,0.2108,0.1602,0.0414,13.0314,13.2533,2.0,10.612,12.0639,6.86,0.1147,9.8552,198
210,14,0,10325.0,0.1181,0.3008,0.1069,15.491,14.1033,7.6191,8.6081,13.2668,12.0758,0.1768,9.8457,199
177,11,12,12709.0,0.1077,0.3117,0.1211,19.1629,14.7625,11.2679,9.5123,11.3379,12.8234,0.1647,9.8173,200
159,10,9,10984.0,0.1109,0.2723,0.0305,12.2008,4.9306,2.0,10.2314,9.729,9.0948,0.1301,9.8113,201
258,17,3,19141.0,0.108,0.1759,0.01,12.9835,7.249,7.8114,9.3505,13.7237,17.799,0.1306,9.8015,202
246,16,6,21303.0,0.1011,0.4195,0.0184,10.5387,3.0,4.6104,10.0734,6.9416,4.2261,0.0876,9.7939,203
96,6,6,5698.0,0.2097,0.1542,0.0742,10.6102,15.6013,3.252,9.9359,11.1816,15.5563,0.1726,9.7404,204
185,12,5,12377.0,0.1394,0.2893,0.0305,11.741,13.7093,6.7017,10.4001,11.4428,4.6633,0.1393,9.7382,205
82,5,7,3944.0,0.0999,0.3751,0.0657,6.635,18.2994,9.7146,9.6284,9.376,13.7756,0.1699,9.6835,206
83,5,8,15183.0,0.1144,0.2663,0.0766,8.8879,10.2978,12.1444,8.9776,8.4845,19.436,0.1512,9.636,207
36,2,6,12106.0,0.1417,0.2848,0.0284,11.3065,18.7318,12.5253,8.7466,12.393,8.3213,0.1753,9.6235,208
115,7,10,19345.0,0.1882,0.2257,0.0335,10.4004,17.9278,2.0,9.8485,11.031,17.1931,0.1795,9.5896,209
279,18,9,18823.0,0.1473,0.2576,0.0399,10.4827,15.6326,2.0,9.6949,11.6631,5.7808,0.1029,9.546,210
191,12,11,17910.0,0.1464,0.1835,0.0291,13.3976,3.0,8.4995,11.3379,12.5102,7.4979,0.1935,9.5134,211
289,19,4,12715.0,0.2628,0.1995,0.0578,10.7964,21.4477,14.6051,8.9595,10.3744,15.403,0.1702,9.5049,212
276,18,6,20384.0,0.1887,0.2528,0.01,11.3299,3.0,4.8518,10.4239,7.4403,7.6502,0.1365,9.5031,213
6,0,6,9151.0,0.1318,0.3206,0.0355,15.1916,3.0,10.6135,9.5199,9.4427,7.3973,0.1436,9.4411,214
21,1,6,17162.0,0.1432,0.2801,0.0219,10.4715,3.0,12.5701,8.9603,12.1029,10.1295,0.1794,9.4115,215
292,19,7,9510.0,0.2518,0.2601,0.042,5.8408,13.5552,10.3435,9.7702,10.9121,5.9722,0.1277,9.4113,216
157,10,7,9972.0,0.0995,0.3207,0.0473,12.0849,3.0,2.0,9.579,10.7385,6.7999,0.1372,9.3531,217
282,18,12,12458.0,0.1722,0.2389,0.0442,6.1592,3.0,7.0628,10.1813,11.4286,12.9082,0.1429,9.3455,218
296,19,11,13291.0,0.1485,0.255,0.026,8.9842,12.1539,15.6924,9.7634,11.1106,10.4191,0.1433,9.3341,219
206,13,11,13024.0,0.231,0.236,0.01,15.5224,3.0,3.1256,9.1817,11.6816,6.9821,0.1119,9.3329,220
248,16,8,10774.0,0.1721,0.223,0.0596,15.6307,5.1368,7.3267,9.4464,10.7147,4.6462,0.0938,9.2908,221
173,11,8,5579.0,0.1008,0.3102,0.01,12.8867,3.5421,9.8644,8.9149,11.954,4.8453,0.1005,9.2841,222
219,14,9,12112.0,0.1614,0.1516,0.01,8.3983,3.0,2.3741,9.5868,11.6537,4.345,0.0695,9.1968,223
172,11,7,13619.0,0.0913,0.2557,0.01,11.7283,3.8975,3.5886,9.6332,12.1078,3.1355,0.103,9.1811,224
239,15,14,16483.0,0.1267,0.2686,0.0517,13.6945,13.4278,11.7927,8.8849,8.8649,15.3384,0.1554,9.1543,225
280,18,10,13800.0,0.05,0.2849,0.01,9.1881,14.1231,9.7373,9.7744,12.1003,9.8642,0.1317,9.152,226
4,0,4,9398.0,0.1496,0.24,0.0281,9.4426,9.3612,9.1855,8.7725,13.3447,13.5372,0.142,9.07,227
129,8,9,14968.0,0.1673,0.207,0.0667,12.0758,16.2942,11.7825,8.9868,12.5831,7.6999,0.1177,9.0593,228
53,3,8,13208.0,0.2111,0.2261,0.0252,6.8845,11.266,14.2047,8.4833,11.0795,9.9878,0.1921,8.9914,229
161,10,11,15665.0,0.1061,0.3123,0.077,9.83,3.2419,4.9296,8.8204,7.7547,17.6577,0.1777,8.9752,230
266,17,11,6854.0,0.1338,0.1889,0.0985,15.4457,3.0,12.2313,8.6739,13.1785,8.9718,0.1343,8.9725,231
235,15,10,11666.0,0.1262,0.1778,0.0408,10.5459,6.7864,5.4082,9.2901,12.1921,4.3196,0.0719,8.9459,232
171,11,6,15316.0,0.1084,0.3406,0.01,7.072,3.0,4.3164,9.1726,11.8016,5.9774,0.1259,8.9177,233
187,12,7,7654.0,0.1033,0.2093,0.01,16.3878,3.0,2.0,9.2987,9.4422,3.2244,0.0679,8.9053,234
264,17,9,15954.0,0.1626,0.2085,0.01,17.1464,3.0,2.9647,9.0816,12.2791,7.6573,0.124,8.8966,235
160,10,10,10489.0,0.143,0.3329,0.0246,3.602,20.8957,6.5021,8.6891,8.0743,5.487,0.1017,8.8373,236
37,2,7,14282.0,0.1702,0.2129,0.0426,13.0927,3.0,7.6565,9.5482,10.6916,10.8778,0.1771,8.8357,237
229,15,4,14982.0,0.2085,0.1,0.01,11.899,7.2634,3.6383,8.6482,11.0683,8.27,0.1393,8.8209,238
69,4,9,14374.0,0.2258,0.149,0.063,8.9357,6.0501,13.6074,9.1185,9.3463,13.7568,0.1752,8.7911,239
168,11,3,16983.0,0.2289,0.2181,0.0923,6.5389,15.6727,9.0834,7.9938,10.4136,15.1284,0.2248,8.7619,240
207,13,12,14607.0,0.1455,0.1803,0.01,9.4222,7.5592,2.0,8.6129,14.8592,6.6687,0.172,8.7524,241
189,12,9,8337.0,0.1594,0.2478,0.0208,5.3691,11.6206,2.0,8.89,11.1869,3.5609,0.105,8.7428,242
176,11,11,14224.0,0.2195,0.2235,0.0848,8.0502,18.748,2.0,8.6117,10.9689,6.0011,0.118,8.6311,243
223,14,13,17605.0,0.1313,0.1417,0.0307,9.8051,20.2841,6.9608,8.9227,11.6816,11.3828,0.1551,8.6056,244
221,14,11,11162.0,0.0781,0.3402,0.0256,14.5814,3.0,2.0,8.5136,14.422,4.7568,0.1378,8.5691,245
144,9,9,7870.0,0.1168,0.2691,0.0133,11.4896,3.0,4.5688,8.8974,11.5224,11.3134,0.1417,8.5219,246
267,17,12,6559.0,0.1313,0.2627,0.0954,11.2743,17.4765,9.9062,8.5937,10.4611,6.2677,0.1747,8.5197,247
97,6,7,9354.0,0.178,0.2314,0.0549,11.0782,14.2701,12.644,7.7219,10.6027,17.7789,0.1624,8.5172,248
281,18,11,14253.0,0.0707,0.3157,0.0505,13.7788,7.3313,7.7543,8.1901,9.9443,8.0692,0.1261,8.4949,249
294,19,9,10586.0,0.0738,0.2476,0.0831,9.3156,3.0,7.4198,9.1428,10.3838,9.2699,0.1106,8.486,250
213,14,3,17044.0,0.1402,0.2414,0.0327,10.5972,8.6449,7.692,8.5132,12.1241,8.0502,0.1375,8.3245,251
23,1,8,15130.0,0.1852,0.237,0.0263,10.4142,8.6968,11.3431,8.8876,10.1049,11.0123,0.2104,8.3237,252
199,13,4,6361.0,0.0588,0.2651,0.0632,10.5673,8.7844,17.4927,8.6209,11.0236,3.8649,0.1401,8.1459,253
243,16,3,17755.0,0.1302,0.2618,0.0219,9.6628,3.0,3.2855,7.5977,10.704,11.9425,0.1464,8.1343,254
251,16,11,14040.0,0.1608,0.233,0.0559,12.9385,3.7633,2.0,7.1488,14.2535,4.719,0.1271,8.1261,255
200,13,5,16730.0,0.1902,0.2029,0.0534,9.3493,3.0,2.7752,7.9911,10.4191,8.2449,0.1276,8.1163,256
5,0,5,9303.0,0.0907,0.3031,0.0895,10.9672,12.1213,2.0,6.8963,12.4679,6.3528,0.1654,8.0885,257
194,12,14,4515.0,0.152,0.1827,0.036,13.6724,5.4907,10.9281,7.1652,10.1384,14.149,0.2455,8.0693,258
283,18,13,13320.0,0.145,0.2446,0.087,10.5259,12.0763,15.0248,8.1775,9.7619,11.2541,0.1996,8.0689,259
215,14,5,8591.0,0.1455,0.2773,0.0309,11.6913,7.4858,6.5911,7.5317,9.492,3.0,0.1432,8.0564,260
145,9,10,21239.0,0.0777,0.3331,0.0215,8.7815,10.7756,2.0,7.6549,8.9203,10.3867,0.1485,8.0038,261
233,15,8,5458.0,0.1274,0.217,0.0494,10.6839,3.0,2.0,8.036,12.5073,3.5596,0.1055,7.9846,262
277,18,7,6171.0,0.1691,0.2281,0.0198,7.8647,4.5433,3.4782,8.5251,9.2376,5.6388,0.17,7.981,263
205,13,10,14779.0,0.0775,0.3058,0.0323,9.325,14.3692,8.5772,7.3365,12.2739,4.8806,0.1311,7.9638,264
142,9,7,13756.0,0.1304,0.1846,0.0369,6.0329,3.0,2.0,7.5166,11.8223,11.5314,0.1734,7.9294,265
201,13,6,10704.0,0.1667,0.1885,0.0405,7.6767,3.0,2.0,8.685,8.2188,3.0,0.1149,7.9272,266
236,15,11,10240.0,0.0625,0.2079,0.01,17.85,3.0,2.0,7.7676,12.9371,5.1638,0.1401,7.8817,267
204,13,9,9677.0,0.05,0.284,0.01,11.1123,3.0,2.0,8.4028,8.0113,7.9975,0.1121,7.8665,268
214,14,4,17472.0,0.1672,0.2205,0.0312,11.7462,3.0,13.6743,6.6724,11.1887,8.0446,0.1382,7.7919,269
250,16,10,10698.0,0.1249,0.2188,0.02,11.8676,3.0,6.9144,7.1402,12.7356,5.6366,0.1441,7.7607,270
186,12,6,16995.0,0.0734,0.2486,0.01,11.884,3.0,4.882,7.5882,10.7194,5.6773,0.1295,7.7208,271
190,12,10,9312.0,0.1933,0.2225,0.0205,11.2913,5.2438,9.0431,7.478,7.3942,7.9975,0.1238,7.7159,272
198,13,3,14302.0,0.0554,0.3415,0.0693,10.6064,3.0,6.3411,6.6765,10.9324,16.6714,0.1391,7.7119,273
291,19,6,11909.0,0.1638,0.2436,0.068,13.6202,10.3733,11.7126,7.4147,7.769,6.5184,0.1802,7.6797,274
156,10,6,10495.0,0.1931,0.2122,0.0393,11.4488,10.8184,11.656,6.3571,9.5266,5.7267,0.1376,7.6159,275
245,16,5,13160.0,0.0958,0.261,0.0315,7.6024,3.0,2.0,7.4654,11.4526,6.7172,0.1161,7.6061,276
175,11,10,13458.0,0.1119,0.2712,0.035,1.4851,3.0,9.7092,7.5053,8.256,11.9719,0.1706,7.5512,277
278,18,8,10437.0,0.1251,0.26,0.0438,11.0022,3.0,2.0,6.041,10.1936,6.544,0.1064,7.5254,278
218,14,8,15885.0,0.1278,0.2387,0.0105,16.4516,3.1017,3.2572,7.3215,9.7725,3.0,0.103,7.5197,279
217,14,7,15982.0,0.0731,0.2566,0.01,11.0548,3.0,2.0,8.0406,9.5398,3.0254,0.0989,7.493,280
216,14,6,20917.0,0.1392,0.2165,0.0438,9.7487,3.0,2.9545,7.354,9.0003,4.1214,0.1088,7.4787,281
247,16,7,18066.0,0.0735,0.3062,0.0167,8.2635,7.9042,7.7556,6.9984,11.2532,3.5342,0.1149,7.3774,282
84,5,9,12242.0,0.0899,0.2659,0.0634,6.2747,12.685,2.0,7.5404,9.9652,8.218,0.1605,7.3636,283
188,12,8,13346.0,0.05,0.1526,0.0145,12.2636,3.0,2.0,6.8107,10.8991,5.2907,0.1034,7.1905,284
203,13,8,10033.0,0.05,0.2572,0.0238,8.9529,3.0,3.421,6.7945,10.4302,3.0254,0.0711,7.1063,285
260,17,5,15852.0,0.1271,0.2016,0.01,14.2196,3.0,2.0,6.3621,7.6766,6.6427,0.0993,7.0598,286
174,11,9,11903.0,0.1267,0.2333,0.01,10.0803,3.0,2.0,7.2155,7.9854,5.7733,0.1208,7.0126,287
230,15,5,10916.0,0.076,0.255,0.01,7.1239,3.0,8.2342,6.7288,9.1928,5.1873,0.125,7.0022,288
262,17,7,8585.0,0.1144,0.242,0.0127,8.7775,3.0,5.1868,6.6046,8.4065,4.6119,0.1083,6.8958,289
220,14,10,11131.0,0.0502,0.2061,0.0225,11.1696,8.2785,2.3194,6.2374,10.7127,6.7889,0.1108,6.8361,290
275,18,5,11349.0,0.0817,0.162,0.01,1.9542,12.6843,2.4964,6.7249,10.4302,8.1069,0.154,6.6482,291
234,15,9,12948.0,0.05,0.1759,0.01,7.881,3.0,2.0,7.3082,10.591,4.3668,0.1325,6.6198,292
290,19,5,9535.0,0.1,0.2349,0.087,6.1364,3.0,10.7126,6.0181,8.7903,14.8351,0.1694,6.605,293
263,17,8,13839.0,0.0593,0.2391,0.01,11.1756,3.0,4.0076,5.7335,13.1392,3.5342,0.1436,6.5539,294
261,17,6,9102.0,0.1313,0.1611,0.0117,6.3221,3.0,12.7582,5.9327,11.2164,3.0,0.1328,6.5346,295
232,15,7,8527.0,0.0721,0.1639,0.01,10.0658,3.0,5.0352,5.9607,8.8951,4.2261,0.081,6.385,296
293,19,8,7713.0,0.05,0.2374,0.03,11.2514,3.0,6.3491,6.2002,8.7196,6.5184,0.1502,6.2687,297
8,0,8,21127.0,0.1628,0.1618,0.034,7.5957,19.5782,6.6433,5.2401,9.3247,7.6625,0.1984,6.1517,298
202,13,7,11184.0,0.0567,0.2508,0.0225,1.8931,3.0,3.6875,5.7655,11.0181,3.0,0.0983,5.9774,299
231,15,6,8284.0,0.05,0.3227,0.01,5.5784,3.0,2.0,5.2484,9.3693,3.0,0.0971,5.8693,300
