x,y,dist_own_m,gross,loss,net,transfer_rate,net_rank
11224849.632154424,4140943.3228410613,698.7807683279987,197.73386260656665,12.172619291994407,185.56124331457224,0.061560620581283074,494
11225099.632154424,4140943.3228410613,700.7450780900326,216.70658573904473,13.505259731820024,203.2013260072247,0.062320485949988076,479
11225349.632154424,4140943.3228410613,786.633819988528,218.597841939331,13.693230548193414,204.9046113911376,0.06264119730877211,477
11225599.632154424,4140943.3228410613,933.5640679846679,201.00882273091278,12.573839934234288,188.4349827966785,0.06255367184089566,493
11224849.632154424,4141193.3228410613,454.4790770009768,290.82343928991696,18.26917551794208,272.5542637719749,0.0628187864174519,421
11225099.632154424,4141193.3228410613,457.49353406796655,344.9660185585654,21.97908164141903,322.98693691714635,0.0637137586283375,368
11225349.632154424,4141193.3228410613,580.5595886697037,354.47721961530607,22.694483352478144,331.78273626282794,0.06402240284187281,355
11225599.632154424,4141193.3228410613,767.9834231796109,308.2038543373244,19.664220925367353,288.539633411957,0.06380264441419076,408
11225849.632154424,4141193.3228410613,849.0446990937892,241.57306481187265,15.265371305043635,226.30769350682903,0.0631915288938843,451
11224599.632154424,4141443.3228410613,414.79970877028535,317.0557315851034,19.747543621731978,297.30818796337144,0.06228414015102385,397
11224849.632154424,4141443.3228410613,223.17683723507554,467.026146540872,29.90825883731388,437.1178877035581,0.06403979532802549,219
11225099.632154424,4141443.3228410613,229.2531416591477,662.0305420972671,43.098864162395365,618.9316779348718,0.06510102090737556,50
11225349.632154424,4141443.3228410613,424.6246639597459,712.2730971436542,46.57100736246753,665.7020897811867,0.06538363943440488,32
11225599.632154424,4141443.3228410613,658.0693029805182,537.1028815049737,34.90608291503889,502.19679858993476,0.06498956553208447,160
11225849.632154424,4141443.3228410613,761.2585236395978,353.2485656868748,22.65473096365459,330.59383472322025,0.06413254904405219,356
11226349.632154424,4141443.3228410613,291.16092585419653,169.38436341680023,10.480964821468385,158.90339859533185,0.06187681442399801,512
11226599.632154424,4141443.3228410613,157.81241145562467,127.71262085750705,7.759368244463095,119.95325261304396,0.06075647177517768,532
11224599.632154424,4141693.3228410613,374.58706283386937,422.07307884564153,26.522131747743607,395.5509470978979,0.06283777164912038,269
11224849.632154424,4141693.3228410613,134.40450113312068,788.8192598723875,51.27078273261767,737.5484771397698,0.0649968698037521,24
11225099.632154424,4141693.3228410613,144.2694430819669,1203.062726961544,79.21492394681918,1123.8478030147248,0.06584438381437055,6
11225349.632154424,4141693.3228410613,385.43841854376524,1198.7993304668069,79.05758401835062,1119.7417464484563,0.06594730411433077,8
11225599.632154424,4141693.3228410613,633.4918127109904,1069.9697209617007,70.53239138891179,999.4373295727888,0.0659199882081864,10
11226349.632154424,4141693.3228410613,261.55749558930626,194.48971687471595,12.078413302020243,182.41130357269572,0.06210309468341079,500
11226599.632154424,4141693.3228410613,92.42508298138773,141.03786167220022,8.581775037923999,132.45608663427623,0.060847313878522456,529
11223599.632154424,4141943.3228410613,1404.4841500564346,163.36269341389357,8.412483863409738,154.95020955048383,0.051495746596782535,517
11223849.632154424,4141943.3228410613,1162.0347800483785,187.3682998562229,10.04219350703861,177.3261063491843,0.053596011250272795,504
11224099.632154424,4141943.3228410613,923.6200151168342,228.05615440099146,12.84706377079141,215.20909063020005,0.056332896625988,463
11224349.632154424,4141943.3228410613,693.4140426950978,306.976261999805,18.268536824333218,288.70772517547175,0.05951123616309076,407
11224599.632154424,4141943.3228410613,483.2930134908809,491.56726972152114,30.819336311630064,460.74793340989106,0.06269607073125433,183
11224849.632154424,4141943.3228410613,333.6483765454804,1088.279924767538,71.05988128094084,1017.2200434865971,0.06529559138575453,9
11225099.632154424,4141943.3228410613,337.74301096214043,1213.8571429434337,79.66838614407142,1134.1887567993622,0.06563242355759158,3
11225349.632154424,4141943.3228410613,372.89410810532297,1208.3431623460344,79.47056733081133,1128.8725950152232,0.06576821039522981,5
11225599.632154424,4141943.3228410613,528.8023815057699,1202.6824425617685,79.2548315480712,1123.4276110136973,0.06589838576112808,7
11225849.632154424,4141943.3228410613,738.386011184315,616.782658147889,40.06636216071532,576.7162959871737,0.064960260525205,70
11226599.632154424,4141943.3228410613,342.3156945259645,149.12907198771674,9.044727415737075,140.08434457197967,0.06065032991341929,524
11220349.632154424,4142193.3228410613,643.2391791784298,192.46592575431745,8.337511447042168,184.12841430727528,0.04331941570626373,498
11220599.632154424,4142193.3228410613,765.6184551466893,198.34956271881143,8.617585426910418,189.73197729190102,0.0434464553830505,491
11220849.632154424,4142193.3228410613,939.9928702348045,181.7630307803182,8.073024755039102,173.69000602527908,0.04441510861906948,506
11221099.632154424,4142193.3228410613,1142.804258533949,163.208550582258,7.440496892243906,155.76805369001409,0.04558889142572132,515
11223599.632154424,4142193.3228410613,1480.1460728611676,183.1333490643556,9.072040833714818,174.06130823064078,0.04953789618365346,505
11223849.632154424,4142193.3228410613,1252.4302372941477,206.61615615950123,10.644868850815227,195.97128730868602,0.051520021709230326,482
11224099.632154424,4142193.3228410613,1035.0510139944856,244.21779740211713,13.27150275017913,230.946294651938,0.05434289757485168,447
11224349.632154424,4142193.3228410613,836.1098635067946,314.39417796165935,18.174622326142526,296.2195556355168,0.057808393412294476,398
11224599.632154424,4142193.3228410613,600.4120798155029,469.00460303190994,28.79729204067857,440.20731099123134,0.06140087294349918,213
11224849.632154424,4142193.3228410613,355.07268046822094,887.9401080326999,57.18283939147364,830.7572686412262,0.06439943288311038,14
11225099.632154424,4142193.3228410613,129.0680101396036,1228.2390447844525,80.2818710493604,1147.957173735092,0.06536339272901825,1
11225349.632154424,4142193.3228410613,179.55638130655868,1220.9480250584222,80.0273353814311,1140.920689676991,0.06554524331828278,2
11225599.632154424,4142193.3228410613,415.71918033020296,1213.4048521520076,79.73991619447118,1133.6649359575365,0.06571583758961422,4
11225849.632154424,4142193.3228410613,662.1211216393306,552.0801189818177,35.53434942030006,516.5457695615177,0.06436447935461764,138
11226099.632154424,4142193.3228410613,771.7237384862135,314.18560950818414,19.74112590240711,294.444483605777,0.06283268649162264,401
11226349.632154424,4142193.3228410613,640.8491249961289,207.66927421764882,12.74830812444545,194.92096609320336,0.061387550818348416,485
11220099.632154424,4142443.3228410613,355.7907245006477,239.76761588008813,10.218648528025975,229.54896735206216,0.04261896874820866,450
11220349.632154424,4142443.3228410613,417.13548982525896,322.7922837167702,13.322716966219783,309.4695667505504,0.041273343999479316,385
11220599.632154424,4142443.3228410613,588.5719956834693,327.6741576238687,13.59549292200608,314.07866470186264,0.04149089150207598,377
11220849.632154424,4142443.3228410613,802.3914078140946,266.40192006376606,11.456599048726464,254.94532101503958,0.04300494172858892,435
11221099.632154424,4142443.3228410613,996.98335609581,208.55596658810904,9.408021946245157,199.1479446418639,0.04511029868939535,480
11223849.632154424,4142443.3228410613,1353.4915276118618,232.2668312775952,11.265651365044206,221.00117991255098,0.04850305703606896,456
11224599.632154424,4142443.3228410613,615.3739869352781,400.38746205279796,23.471605739195912,376.91585631360203,0.05862222962441511,299
11224849.632154424,4142443.3228410613,379.82507371569,572.8528579790712,35.447741213085145,537.4051167659861,0.06187931284508002,114
11225099.632154424,4142443.3228410613,186.67894752659927,823.3957412403508,52.62935256015076,770.7663886802001,0.06391744567547884,18
11225349.632154424,4142443.3228410613,224.5684133535887,889.1095104914843,57.366747787048894,831.7427627044354,0.0645215770499829,13
11225599.632154424,4142443.3228410613,437.0502432245723,644.748348871425,41.25600470992471,603.4923441615003,0.06398776326009938,59
11225849.632154424,4142443.3228410613,675.7180313778575,411.8050416782215,25.883874932888336,385.9211667453332,0.06285468198107594,283
11226099.632154424,4142443.3228410613,920.4220775034009,273.90295975329445,16.86159788146027,257.04136187183417,0.061560480750728584,432
11226349.632154424,4142443.3228410613,877.1118741431911,194.6460855441358,11.743459048507448,182.90262649562834,0.06033236689902316,499
11219849.632154424,4142693.3228410613,299.0274864477368,224.35464106752488,9.863063585429948,214.49157748209493,0.04396193249446275,464
11220099.632154424,4142693.3228410613,108.77690417691791,346.3592126851326,14.41516415199561,331.944048533137,0.04161911571585686,354
11220349.632154424,4142693.3228410613,243.40787192154926,360.4630370322229,15.081253707648997,345.3817833245739,0.04183855807190804,343
11220599.632154424,4142693.3228410613,481.3131717961189,367.0373364477562,15.478141725394268,351.55919472236195,0.042170482913793196,336
11220849.632154424,4142693.3228410613,727.3770319273926,370.4401717097912,15.72797392475368,354.7121977850375,0.04245752789758242,331
11221099.632154424,4142693.3228410613,775.712887656939,264.4589541360706,11.946807431924437,252.51214670414615,0.04517452423175474,436
11221349.632154424,4142693.3228410613,678.2500568827614,223.19237844289484,10.426597360204108,212.76578108269072,0.046715741070306384,466
11225099.632154424,4142693.3228410613,421.9472806617917,471.5415335885068,28.35879573627729,443.18273785222954,0.06014061056395669,209
11225349.632154424,4142693.3228410613,440.0243748752906,473.5475859417363,28.944524986135697,444.6030609556006,0.06112273791571378,204
11225599.632154424,4142693.3228410613,578.1032721849097,403.5565358087379,24.660877176321783,378.89565863241614,0.06110885337763329,297
11225849.632154424,4142693.3228410613,774.4580919180903,311.18014452991827,18.833514635663924,292.34662989425436,0.06052286743460004,403
11226099.632154424,4142693.3228410613,995.1719846156838,234.0852507991915,13.978863367329394,220.10638743186212,0.0597169762708419,457
11226349.632154424,4142693.3228410613,1119.358244047748,178.37966001609277,10.503847859958672,167.8758121561341,0.05888478461620037,508
11219849.632154424,4142943.3228410613,315.69417620993585,269.49587311493104,11.9378479900344,257.55802512489663,0.044296960291274314,431
11220099.632154424,4142943.3228410613,148.58596879898514,388.9626876411445,16.460947765385427,372.5017398757591,0.04232012038278652,302
11220349.632154424,4142943.3228410613,263.6148086792469,424.8076391540858,18.01705756889324,406.79058158519257,0.042412273010839406,258
11220599.632154424,4142943.3228410613,491.84117821310866,433.96826613994233,18.663763012647085,415.3045031272952,0.04300720690629613,252
11220849.632154424,4142943.3228410613,734.3859488151458,439.2118082422458,19.14590758039735,420.06590066184845,0.04359151375510716,246
11221099.632154424,4142943.3228410613,578.346916497416,326.0913630524726,15.117049990024023,310.9743130624486,0.04635832684593821,380
11221349.632154424,4142943.3228410613,439.0647007064807,277.13233337041476,13.17478924953558,263.95754412087916,0.04753970454947302,429
11221599.632154424,4142943.3228410613,419.6075154127651,253.4549402257079,12.13345544094404,241.32148478476387,0.04787223886872711,442
11224349.632154424,4142943.3228410613,1072.1399896406226,354.201332137807,16.203579367545526,337.9977527702615,0.0457468052696123,350
11224599.632154424,4142943.3228410613,888.8566252287844,350.33222733403346,17.548729029786486,332.78349830424696,0.05009167772924924,353
11225099.632154424,4142943.3228410613,668.0044804236891,376.8993036480777,21.051841909042878,355.8474617390348,0.055855348378938956,328
11225349.632154424,4142943.3228410613,679.5674570582617,362.7809796521896,20.72729755064519,342.05368210154444,0.05713446600898744,346
11219599.632154424,4143193.3228410613,480.5338738120348,278.3094751535403,12.778651126521215,265.5308240270191,0.04591525717718153,428
11219849.632154424,4143193.3228410613,484.673279781843,333.55812792229494,14.94591365323896,318.612214269056,0.04480752349323873,373
11220099.632154424,4143193.3228410613,396.6398433913966,432.848899539092,18.869799633573752,413.97909990551824,0.043594426724121914,253
11220349.632154424,4143193.3228410613,452.4799913770934,539.4543479245696,23.204514581292838,516.2498333432767,0.043014788314464494,139
11220599.632154424,4143193.3228410613,614.127934414058,549.0548735219043,24.260835850451755,524.7940376714525,0.0441865413102173,128
11220849.632154424,4143193.3228410613,677.456398584196,509.32408281031496,23.934761600379193,485.38932120993576,0.04699318647630707,170
11221099.632154424,4143193.3228410613,438.4516251162395,448.8227283890204,21.81917669461063,427.0035516944098,0.04861424191445736,238
11221349.632154424,4143193.3228410613,224.7943129873925,363.8515543968552,17.756807630573558,346.0947467662816,0.04880234099867578,341
11221599.632154424,4143193.3228410613,183.91611874948904,326.0348174785162,15.841974372359914,310.19284310615626,0.048589823917820706,383
11221849.632154424,4143193.3228410613,376.98513806286655,326.0926834519677,15.73889421496845,310.3537892369992,0.04826509459936023,382
11223599.632154424,4143193.3228410613,1775.7720238209763,574.5703500812583,19.94901005871602,554.6213400225423,0.03471987382553719,87
11224099.632154424,4143193.3228410613,1323.9706161834474,599.0883655098037,21.677656937995756,577.410708571808,0.03618440648492449,69
11224349.632154424,4143193.3228410613,1113.626574971675,444.8014721726157,18.32457396286505,426.4768982097507,0.0411971971975708,239
11224599.632154424,4143193.3228410613,923.2714142921948,390.13224744604497,18.14261076521408,371.98963668083087,0.046503745547779134,303
11225099.632154424,4143193.3228410613,672.2812033524674,406.22498457197446,21.351917199132927,384.87306737284155,0.052561801981802575,284
11225349.632154424,4143193.3228410613,662.7427648394266,378.5851468360869,20.374051789594063,358.2110950464928,0.05381629987299861,324
11225599.632154424,4143193.3228410613,742.6263719482183,315.31002332496644,17.2395546948435,298.07046863012295,0.05467493393661,396
11219099.632154424,4143443.3228410613,329.848222601244,276.24322554759976,13.071334630913679,263.1718909166861,0.04731820881761802,430
11219349.632154424,4143443.3228410613,178.82328211582103,364.54863867283893,17.219286375365513,347.3293522974734,0.047234537586132136,340
11219599.632154424,4143443.3228410613,283.1177890916592,403.1134730379592,18.776706368632123,384.33676666932706,0.046579208149820424,286
11219849.632154424,4143443.3228410613,381.74210765891945,454.26896036291174,20.45144359015353,433.8175167727582,0.04502056132960315,227
11220099.632154424,4143443.3228410613,252.84889184064673,530.1570278493582,23.376519426933882,506.7805084224243,0.04409357642916358,153
11220349.632154424,4143443.3228410613,327.3195494470382,570.8512713107993,25.4272465807714,545.4240247300279,0.04454268188347007,106
11220599.632154424,4143443.3228410613,524.7319437535523,698.6193415463424,32.29908380712916,666.3202577392133,0.04623273632195398,31
11220849.632154424,4143443.3228410613,644.6671658264778,579.2012465018997,28.0442137563843,551.1570327455154,0.048418773139315606,94
11221099.632154424,4143443.3228410613,418.3234386357925,531.2970150247578,26.397481646126696,504.8995333786311,0.04968498015163252,155
11221349.632154424,4143443.3228410613,182.44767714738393,510.5368232423276,25.600271874679418,484.9365513676482,0.05014383039424403,171
11221599.632154424,4143443.3228410613,128.76261290016765,434.54767354767284,21.41251103674576,413.1351625109271,0.049275401389064534,255
11221849.632154424,4143443.3228410613,353.37298434555066,507.45225544871,24.734030742301027,482.718224706409,0.04874159189701539,172
11222099.632154424,4143443.3228410613,598.4689813596718,567.8588354783549,27.435202390561606,540.4236330877933,0.04831341994960886,111
11222349.632154424,4143443.3228410613,846.4382890879202,458.7579005447445,21.77515035049528,436.9827501942492,0.04746545034895037,220
11223349.632154424,4143443.3228410613,1843.8081243913898,528.85697769948,18.531338273478642,510.3256394260014,0.03504035883971823,147
11223599.632154424,4143443.3228410613,1699.4861521846778,766.2894315861059,25.223821849728598,741.0656097363774,0.03291683378370365,22
11223849.632154424,4143443.3228410613,1457.916025508139,769.6570674598769,25.629754322148337,744.0273131377286,0.03330022604318442,21
11224099.632154424,4143443.3228410613,1219.7479630642613,780.7921931143258,26.585350478342797,754.206842635983,0.034049201199492646,19
11224349.632154424,4143443.3228410613,987.4467324192127,575.5754006961224,21.918674000434564,553.6567266956879,0.03808132518159271,88
11224599.632154424,4143443.3228410613,766.3661039812149,461.9688984808796,20.65395883121372,441.31493964966586,0.04470854834412314,211
11224849.632154424,4143443.3228410613,569.7218279979382,524.1833419155721,25.819899039249215,498.3634428763229,0.04925738186355398,163
11225099.632154424,4143443.3228410613,432.26024251980226,648.6518338168764,33.296392208606456,615.35544160827,0.05133168592568336,53
11225349.632154424,4143443.3228410613,417.2707433181054,574.582258615345,29.95379939432976,544.6284592210153,0.052131438005959,109
11225599.632154424,4143443.3228410613,535.1456149453252,388.124919569031,20.47941991552991,367.64549965350113,0.05276502198897715,311
11218849.632154424,4143693.3228410613,495.3429610969336,252.19891645311998,11.96023716910591,240.23867928401407,0.04742382456400895,443
11219099.632154424,4143693.3228410613,288.1713527964715,439.37970254535225,21.000319449769844,418.3793830955824,0.04779537909492352,249
11219349.632154424,4143693.3228410613,78.8710646943678,500.36034696092827,23.826150780793185,476.5341961801351,0.04761798357025622,174
11219599.632154424,4143693.3228410613,233.23499119878613,556.6255582444189,26.242217880666352,530.3833403637526,0.04714519032046167,121
11219849.632154424,4143693.3228410613,288.5889714780311,602.2975005880915,27.42787855397018,574.8696220341212,0.0455387553944508,72
11220099.632154424,4143693.3228410613,38.5891150963179,556.9883595459721,24.9741767131151,532.014182832857,0.044837879077890865,118
11220349.632154424,4143693.3228410613,211.41108095150992,576.4096174930937,26.18347382859446,550.2261436644992,0.045425116156928416,99
11220599.632154424,4143693.3228410613,461.41106455551636,717.0715904799212,33.83172815061804,683.2398623293032,0.04718040513636186,29
11220849.632154424,4143693.3228410613,396.418938120708,600.9547755493559,29.426937405373828,571.5278381439821,0.04896697489170218,75
11221099.632154424,4143693.3228410613,435.64966349510695,557.2797353905794,28.051951763743503,529.2277836268358,0.050337290201451154,123
11221349.632154424,4143693.3228410613,375.55535762584765,582.3671565436525,29.59591595688618,552.7712405867663,0.050820029296531524,90
11221599.632154424,4143693.3228410613,352.610950235356,562.7360145110727,28.027468054272685,534.7085464567999,0.04980571232609674,117
11221849.632154424,4143693.3228410613,482.31435579949624,675.483220216923,33.17136344523044,642.3118567716925,0.04910760541850007,41
11222099.632154424,4143693.3228410613,682.5831769057054,649.4140989719486,31.538257218058174,617.8758417538904,0.04856417079331144,51
11222349.632154424,4143693.3228410613,907.8614701478898,642.7806775099339,30.779296928118306,612.0013805818155,0.047884602019080805,56
11223099.632154424,4143693.3228410613,1612.6870062951098,395.63391777616806,15.186346005409023,380.44757177075905,0.038384843470373985,292
11223349.632154424,4143693.3228410613,1765.0620248488358,589.774445127506,20.11162112268143,569.6628240048246,0.03410052993790432,77
11223599.632154424,4143693.3228410613,1657.7515140544192,812.5785584863974,26.249812015395474,786.3287464710019,0.03230433752065942,15
11223849.632154424,4143693.3228410613,1409.0443705986283,805.7050077787835,26.350041327145195,779.3549664516383,0.032704328597619854,16
11224099.632154424,4143693.3228410613,1160.8927574421555,802.8267745480815,26.978831490299456,775.847943057782,0.033604797878703144,17
11224349.632154424,4143693.3228410613,913.7493913801623,617.9057173798063,23.112040258652623,594.7936771211537,0.037403829756840416,63
11224599.632154424,4143693.3228410613,668.7330605058964,527.0762147668376,23.536471553213463,503.5397432136241,0.044654778367537,157
11224849.632154424,4143693.3228410613,429.4995485207742,749.1750875076268,37.151864835731416,712.0232226718954,0.04959036339466267,25
11225099.632154424,4143693.3228410613,216.18468527052258,709.9274828949424,36.09785166202808,673.8296312329143,0.050847237966937485,30
11225349.632154424,4143693.3228410613,184.39569981830078,685.6178280387451,35.375827132621495,650.2420009061236,0.05159700592065462,37
11225599.632154424,4143693.3228410613,382.4496438453655,539.6312254918859,28.05565243375011,511.5755730581358,0.05199041698926292,146
11218849.632154424,4143943.3228410613,251.32297212932772,289.54270242254785,13.739362175252296,275.8033402472955,0.047451937349129183,416
11219099.632154424,4143943.3228410613,244.42756290912783,484.4666413675779,23.167908428879965,461.2987329386979,0.047821473039878194,182
11219349.632154424,4143943.3228410613,324.7514795430065,514.3248945634402,24.512715733306827,489.8121788301334,0.047659983003765075,166
11219599.632154424,4143943.3228410613,391.97122310042926,561.5629469010184,26.59167874163991,534.9712681593785,0.04735297955177763,116
11219849.632154424,4143943.3228410613,381.8902357453273,638.6260219100568,29.76409937823524,608.8619225318216,0.04660646193090324,57
11220099.632154424,4143943.3228410613,253.07247480275421,578.0352356680523,26.125656038369595,551.9095796296828,0.045197341660626285,93
11220349.632154424,4143943.3228410613,327.4922943337136,571.5555525950539,26.104662702480468,545.4508898925734,0.045673010408098645,105
11220599.632154424,4143943.3228410613,340.6721877466748,633.0735055775937,29.890874605357716,603.182630972236,0.04721548815739232,60
11220849.632154424,4143943.3228410613,153.94867426111819,599.3531537665865,30.03063379187329,569.3225199747133,0.050105073449848714,78
11221099.632154424,4143943.3228410613,237.36648691297196,585.535874116297,30.145019302601906,555.3908548136951,0.05148278804966032,86
11221349.632154424,4143943.3228410613,462.58567197012957,548.7583958126629,28.397327352064305,520.3610684605986,0.051748324160052914,134
11221599.632154424,4143943.3228410613,571.8728161636719,612.7062754403332,31.05655214856407,581.6497232917692,0.050687504589772114,68
11221849.632154424,4143943.3228410613,618.8894583081201,695.5378360147296,34.560365001405785,660.9774710133238,0.04968869155907989,34
11222099.632154424,4143943.3228410613,751.0058623891479,664.3519099958177,32.494015230403534,631.8578947654141,0.04891084791282996,45
11222349.632154424,4143943.3228410613,932.7354657569407,653.4447870713008,31.39921969887418,622.0455673724266,0.04805183287114975,49
11222599.632154424,4143943.3228410613,1140.6055816182763,476.9619153646254,22.065799691401356,454.896115673224,0.04626323188620334,194
11222849.632154424,4143943.3228410613,1267.2619859524198,372.62106537781085,15.834954372746886,356.78611100506396,0.04249613305327058,325
11223099.632154424,4143943.3228410613,1412.6703480750416,408.98870363333407,15.448807887608767,393.5398957457253,0.03777318970026837,272
11223349.632154424,4143943.3228410613,1584.3995972042053,581.7217773269625,19.372498085125134,562.3492792418374,0.033301999065846605,82
11223599.632154424,4143943.3228410613,1649.5811257219616,880.2772230465107,27.37784203988245,852.8993810066282,0.031101386384997834,12
11223849.632154424,4143943.3228410613,1399.5838759451683,900.5894349758445,28.357961096587765,872.2314738792567,0.031488223151705505,11
11224099.632154424,4143943.3228410613,1149.5878223403668,775.4197317678907,25.81082413737822,749.6089076305125,0.03328626172373993,20
11224599.632154424,4143943.3228410613,649.6048277286739,514.7500434377437,23.182747991030066,491.5672954467136,0.045036903418608255,165
11224849.632154424,4143943.3228410613,399.629287810549,730.444832855338,36.11201796796564,694.3328148873723,0.04943839198205061,26
11225099.632154424,4143943.3228410613,149.73544384524712,693.6960103907198,35.08383750595288,658.612172884767,0.050575233215183306,35
11225349.632154424,4143943.3228410613,100.68683434838792,670.3699202931226,34.380845842273445,635.9890744508492,0.05128637905955006,44
11225599.632154424,4143943.3228410613,350.50673899180066,583.3021833084956,30.139766337913223,553.1624169705824,0.051670930094861255,89
11218599.632154424,4144193.3228410613,326.6541169498426,205.29071051277785,9.624698640702517,195.66601187207533,0.04688326430680579,483
11218849.632154424,4144193.3228410613,77.21284563827054,287.7506283859623,13.576362063639884,274.1742663223224,0.047180998838444926,418
11219099.632154424,4144193.3228410613,9.199423260091509,478.61914921699406,22.81460319914113,455.80454601785294,0.047667552032686335,191
11219349.632154424,4144193.3228410613,242.82960536935397,535.6282745392547,25.530677032879485,510.09759750637517,0.047664916596945654,148
11219599.632154424,4144193.3228410613,199.8170399468276,569.7405803868205,27.107737126587622,542.6328432602329,0.04757908785114631,110
11219849.632154424,4144193.3228410613,278.9165512736425,518.1246960960323,24.43836427668433,493.6863318193479,0.04716695509946273,164
11220099.632154424,4144193.3228410613,408.14939911805465,463.12258756989985,21.577700902755222,441.5448866671446,0.046591769613263494,210
11220349.632154424,4144193.3228410613,542.9620249583147,462.7728974847125,21.75036596611353,441.02253151859895,0.04700008596945124,212
11220599.632154424,4144193.3228410613,328.03926489082346,456.7812417428151,22.29082810085979,434.4904136419553,0.04879978874747742,226
11220849.632154424,4144193.3228410613,123.50066442235058,478.066145179228,24.503173585960283,453.5629715932677,0.051254776840083484,195
11221099.632154424,4144193.3228410613,218.84942064216727,516.1565504954275,27.72125194331623,488.43529855211125,0.05370706216303615,167
11221349.632154424,4144193.3228410613,235.4193083535532,550.8300889964896,30.38288295692475,520.4472060395649,0.055158357475127644,133
11221599.632154424,4144193.3228410613,321.9880839285375,581.4536905373151,31.127790163314447,550.3259003740006,0.05353442702298371,98
11221849.632154424,4144193.3228410613,399.5772390038256,729.2297475883054,36.98933536349158,692.2404122248138,0.05072384318635107,27
11222099.632154424,4144193.3228410613,583.6502494369978,682.0197565655158,33.715370747880655,648.3043858176351,0.04943459543996642,38
11222349.632154424,4144193.3228410613,804.1350989764215,629.4059919334044,30.40969171456163,598.9963002188427,0.04831490660130098,62
11222599.632154424,4144193.3228410613,927.9797960123153,413.7530592369548,19.088587828818717,394.6644714081361,0.04613521858671444,270
11222849.632154424,4144193.3228410613,1061.0518710682559,356.48784122583237,15.085153799120507,341.40268742671185,0.04231604014108345,348
11223099.632154424,4144193.3228410613,1231.0628109027725,412.2184745881549,15.226730581952873,396.991744006202,0.03693849626018293,268
11223349.632154424,4144193.3228410613,1424.8509450739837,531.3821599668685,17.60428574488255,513.7778742219859,0.033129237432397374,142
11223599.632154424,4144193.3228410613,1633.9782088414192,591.2853390739551,19.115361796814337,572.1699772771408,0.03232848936649092,73
11223849.632154424,4144193.3228410613,1422.9893132317827,632.5985954572093,20.36731668796546,612.2312787692438,0.03219627238224426,55
11224099.632154424,4144193.3228410613,1177.9710187604053,521.2491657922667,18.09094835492402,503.15821743734267,0.03470691090205754,158
11224349.632154424,4144193.3228410613,935.5922490631236,413.4562708582264,16.37570586325293,397.0805649949735,0.03960686296826814,267
11225099.632154424,4144193.3228410613,297.46304461175254,678.3091868681358,34.27184933541007,644.0373375327258,0.05052540935446973,40
11225349.632154424,4144193.3228410613,276.04600771838744,657.6515235948282,33.638811907738535,624.0127116870897,0.0511499034076032,48
11225599.632154424,4144193.3228410613,434.64759730709034,409.7230210692386,20.9685622929109,388.7544587763277,0.05117740818709683,278
11218599.632154424,4144443.3228410613,259.37242386125035,216.80360071343293,10.074639565071116,206.7289611483618,0.046468967913441586,475
11218849.632154424,4144443.3228410613,38.06164030851676,283.634352357307,13.221098485834231,270.4132538714728,0.0466131777619765,425
11219099.632154424,4144443.3228410613,163.5177336272817,372.7698008031397,17.47902155543031,355.29077924770934,0.046889585792012724,329
11219349.632154424,4144443.3228410613,279.4406887256404,458.12570096400765,21.621032403242733,436.5046685607649,0.04719454149319026,222
11219599.632154424,4144443.3228410613,57.265411735793826,468.0471207506892,22.146062501122287,445.9010582495669,0.04731588235304763,202
11219849.632154424,4144443.3228410613,57.765914504891875,431.3275092237087,20.424304816502975,410.90320440720575,0.0473521961380624,256
11220099.632154424,4144443.3228410613,303.52658912298455,408.9129491638614,19.46251011042754,389.45043905343385,0.04759572948282554,276
11220349.632154424,4144443.3228410613,553.1002438353104,399.08579376517196,19.3060609112179,379.77973285395404,0.04837571573038221,293
11220599.632154424,4144443.3228410613,446.3811590014258,404.0898566131482,20.234980167491543,383.85487644565666,0.05007544692432931,289
11220849.632154424,4144443.3228410613,363.0490792148745,447.6605521925638,23.803875642787144,423.85667654977664,0.05317394067044748,243
11221099.632154424,4144443.3228410613,128.10776152718958,559.0576059487511,32.05617617688947,527.0014297718616,0.05733966560116538,126
11221349.632154424,4144443.3228410613,147.21532698299532,560.1341768586452,32.16126939937813,527.972907459267,0.057417080992532094,124
11221599.632154424,4144443.3228410613,72.8981105171654,581.3903600712831,33.18101456337918,548.2093455079039,0.05707183476401453,101
11221849.632154424,4144443.3228410613,247.5879202524273,533.7863827677397,28.729111475011674,505.05727129272805,0.053821364505494025,154
11222099.632154424,4144443.3228410613,470.0644781402072,479.69981862786165,24.263817757574166,455.4360008702875,0.050581252723794316,193
11222349.632154424,4144443.3228410613,605.2603262845219,406.6798309666346,19.768393337069963,386.91143762956466,0.04860922974734842,282
11222599.632154424,4144443.3228410613,711.3540847316718,340.8675473310654,15.750324581373683,325.11722274969173,0.04620658289325584,365
11222849.632154424,4144443.3228410613,877.9004528731166,320.90114703340566,13.6648199487999,307.23632708460576,0.0425826460114753,390
11223099.632154424,4144443.3228410613,1077.215752040979,375.13483385761594,13.990978958721396,361.1438548988946,0.037295867234850635,320
11223349.632154424,4144443.3228410613,1294.2481785714829,468.0195354233215,15.675183641584242,452.34435178173726,0.03349258408071815,196
11223599.632154424,4144443.3228410613,1521.4344938333657,481.44359865365806,15.851807061368223,465.59179159228984,0.03292557447164591,180
11223849.632154424,4144443.3228410613,1488.610810567363,490.91835956800423,16.13040977249085,474.7879497955134,0.03285762175748571,175
11224099.632154424,4144443.3228410613,1256.4550452784165,402.8757071512324,14.346667537775465,388.5290396134569,0.035610654311281124,279
11224349.632154424,4144443.3228410613,1032.664716291379,326.0453042751048,13.129998697452205,312.9153055776526,0.04027047322961475,378
11224599.632154424,4144443.3228410613,824.0834616352404,315.80368628899896,14.006766176553377,301.7969201124456,0.04435276339281067,394
11218599.632154424,4144693.3228410613,237.32524938408523,241.6625807314931,11.097793770208288,230.56478696128482,0.04592268168541511,449
11218849.632154424,4144693.3228410613,188.0572509287165,323.45056796446545,14.823661707105028,308.6269062573604,0.04582975939845488,386
11219099.632154424,4144693.3228410613,99.53452048912435,411.3584580005017,18.868932112812434,392.48952588768924,0.045869804657789295,273
11219349.632154424,4144693.3228410613,252.9703506253527,452.6520910798201,20.916618992674938,431.7354720871451,0.04620904090551639,230
11219599.632154424,4144693.3228410613,107.57170820403448,454.11177487435356,21.243638771206765,432.8681361031468,0.04678063848285939,228
11219849.632154424,4144693.3228410613,232.1192779214827,465.5501719176802,22.050504911872974,443.4996670058072,0.047364400749855165,208
11220099.632154424,4144693.3228410613,377.7179484864826,460.8154389567276,22.07679445319527,438.7386445035323,0.04790810503913774,216
11220349.632154424,4144693.3228410613,438.1961430669432,421.13713277259313,20.52702896074924,400.6101038118439,0.048741911751186015,261
11220599.632154424,4144693.3228410613,228.76868533132333,408.69101207620633,20.605270456884526,388.0857416193218,0.050417723532032006,280
11220849.632154424,4144693.3228410613,194.0473214906588,460.6400979994864,24.808974724510833,435.83112327497554,0.05385760994809986,223
11221099.632154424,4144693.3228410613,199.4984593929649,551.9736837369579,31.665359690490238,520.3083240464676,0.05736751700934407,135
11221349.632154424,4144693.3228410613,317.7519458697702,546.3983867103253,31.50482698745978,514.8935597228656,0.057659077613935475,140
11221599.632154424,4144693.3228410613,89.03173678023616,546.1333677100478,31.54322066333348,514.5901470467143,0.057757358418869496,141
11221849.632154424,4144693.3228410613,177.22916669037613,485.97610493532784,27.18337726720719,458.7927276681206,0.055935625211088656,188
11222099.632154424,4144693.3228410613,348.61672842970876,380.9914617400852,19.726414461843937,361.26504727824124,0.051776526360324114,319
11222349.632154424,4144693.3228410613,369.07749136383546,327.7303356330084,16.137076490900384,311.593259142108,0.04923888556038536,379
11223349.632154424,4144693.3228410613,1202.063425861122,381.15755040341037,13.309888604574493,367.8476617988359,0.03491965091728484,310
11223599.632154424,4144693.3228410613,1443.8286086247792,427.9115559452745,14.152801161157807,413.75875478411666,0.033074127035185294,254
11223849.632154424,4144693.3228410613,1591.2340195911415,384.30598662464,13.099033519029657,371.20695310561035,0.03408490623338576,306
11224099.632154424,4144693.3228410613,1376.4965821140813,297.2874782879053,11.20328953185521,286.0841887560501,0.03768503670714812,410
11224349.632154424,4144693.3228410613,1175.7805815879572,255.82659802513916,10.522988784868957,245.3036092402702,0.04113328663282659,441
11224599.632154424,4144693.3228410613,997.585641189207,241.29988363386613,10.653685768346708,230.6461978655194,0.04415122629943729,448
11218349.632154424,4144943.3228410613,325.3034569665236,202.89271409049604,9.25381048707322,193.63890360342282,0.04560937798360641,488
11218599.632154424,4144943.3228410613,96.32403486569844,285.92610433191925,12.968159680719946,272.9579446511993,0.045354934314307205,420
11218849.632154424,4144943.3228410613,116.23844026155653,457.1058057486455,20.557268135463705,436.5485376131818,0.04497266907777537,221
11219099.632154424,4144943.3228410613,240.24516623247706,621.7419786298385,27.909177318389244,593.8328013114493,0.04488868096037843,64
11219349.632154424,4144943.3228410613,271.4050273282794,671.6085806792652,30.345527816313506,641.2630528629517,0.045183353353856835,42
11219599.632154424,4144943.3228410613,145.73387721969164,592.7795486857538,27.417040598122078,565.3625080876317,0.04625166414547896,79
11219849.632154424,4144943.3228410613,306.2940369643265,557.7435182381545,26.34399589804487,531.3995223401096,0.04723317266198346,119
11220099.632154424,4144943.3228410613,390.1279741263021,527.7849866991112,25.262034753858234,502.52295194525294,0.04786425417640774,159
11220349.632154424,4144943.3228410613,232.8660611400929,534.3715355237745,25.91505010888396,508.4564854148905,0.0484963146165389,149
11220599.632154424,4144943.3228410613,174.39634074425956,450.54382717639254,22.38493609800436,428.1588910783882,0.049684258772988196,236
11220849.632154424,4144943.3228410613,125.43259247286944,484.7266582485669,25.166332330023995,459.5603259185429,0.05191860588183031,185
11221099.632154424,4144943.3228410613,102.39617841753127,598.700158485232,33.815701424995936,564.8844570602361,0.05648186482955484,80
11221349.632154424,4144943.3228410613,224.35417521573083,577.800479960219,33.103310103883764,544.6971698563352,0.05729193943584625,108
11221599.632154424,4144943.3228410613,241.90399587002966,564.0098986700776,32.63269422457566,531.377204445502,0.057858371460364086,120
11221849.632154424,4144943.3228410613,338.54438695760547,440.97381057299947,24.251083813722186,416.7227267592773,0.05499438568066079,251
11222099.632154424,4144943.3228410613,128.10837364672744,351.9822941314571,18.34580214547493,333.63649198598216,0.052121377840168306,352
11222349.632154424,4144943.3228410613,176.34150585950613,297.50734123024,14.838508332531104,282.6688328977089,0.04987610816987413,413
11222599.632154424,4144943.3228410613,413.25645545978705,263.051247990213,12.52944568673189,250.52180230348114,0.0476311965157377,437
11223349.632154424,4144943.3228410613,1157.5122512744101,258.5049129161657,10.196040016047561,248.30887290011816,0.0394423452190024,439
11223599.632154424,4144943.3228410613,1406.9538667421693,265.5872756835167,10.081170715249845,255.50610496826684,0.037958033528921506,434
11223849.632154424,4144943.3228410613,1656.5638395278131,249.32685638245644,9.574478213691215,239.75237816876523,0.03840131124504448,444
11224349.632154424,4144943.3228410613,1350.3790341254098,202.6925050132496,8.569851657226895,194.12265335602268,0.04228006189309615,486
11218349.632154424,4145193.3228410613,289.0009181598499,219.07856283845396,9.906465453774745,209.1720973846792,0.0452187805389232,473
11218599.632154424,4145193.3228410613,49.35009812149961,330.1654355539607,14.83125463988774,315.334180914073,0.044920676251296414,374
11218849.632154424,4145193.3228410613,49.24198132114888,585.7594873280942,26.08564856591209,559.6738387621822,0.04453303639160873,84
11219099.632154424,4145193.3228410613,32.72881417127544,615.6353858698621,27.562715045243547,588.0726708246186,0.04477116760645394,66
11219349.632154424,4145193.3228410613,61.6935495868648,667.0483180238194,30.08757385645127,636.9607441673681,0.045105538899472775,43
11219599.632154424,4145193.3228410613,239.07902634750124,773.7400173048023,35.41836878091743,738.321648523885,0.04577554215728891,23
11219849.632154424,4145193.3228410613,204.93445699228033,577.5971208197769,27.140033247479877,550.457087572297,0.04698782640910734,97
11220099.632154424,4145193.3228410613,235.96940991458564,533.9170928747321,25.466287952172767,508.45080492255937,0.04769708310902059,150
11220349.632154424,4145193.3228410613,76.34723634870919,553.9887290264795,26.677139137391396,527.3115898890882,0.04815466044637938,125
11220599.632154424,4145193.3228410613,180.0529925863699,533.4453458539314,25.78042997840692,507.66491587552446,0.04832815616216127,152
11220849.632154424,4145193.3228410613,148.89623019584636,549.4193062011356,27.123359872385404,522.2959463287501,0.04936732212765723,129
11221099.632154424,4145193.3228410613,325.83787288905404,589.8424580350007,30.176867752533735,559.665590282467,0.05116089447522115,85
11221349.632154424,4145193.3228410613,121.18267810978708,579.2779327186744,31.069729579082367,548.208203139592,0.05363527216247566,102
11221599.632154424,4145193.3228410613,43.465420078645494,549.859231146267,29.915739730384416,519.9434914158826,0.05440617895605828,136
11221849.632154424,4145193.3228410613,210.1491700619355,474.7695564205986,25.44560871945299,449.3239477011456,0.053595704221840866,200
11222099.632154424,4145193.3228410613,113.15478575878704,369.33339921330673,19.279000198264704,350.054399015042,0.05219944970947567,337
11222349.632154424,4145193.3228410613,225.7752394443962,292.46510522328924,14.762711343925096,277.70239387936414,0.05047682981754067,414
11222599.632154424,4145193.3228410613,436.6451992597229,246.8106290236901,11.986542460834993,234.82408656285511,0.048565746573598606,446
11218099.632154424,4145443.3228410613,339.44763976076604,174.4282140977777,7.838027345341246,166.59018675243647,0.04493554776033854,509
11218349.632154424,4145443.3228410613,153.54603880179937,227.23871973495386,10.180306439546653,217.0584132954072,0.04480005190761827,461
11218599.632154424,4145443.3228410613,108.89400228179316,330.0349859218619,14.735872919095586,315.2991130027663,0.04464942672042778,375
11218849.632154424,4145443.3228410613,253.92000212663723,590.9848347403927,26.222621617228217,564.7622131231644,0.04437105671035919,81
11219099.632154424,4145443.3228410613,257.0613730960257,615.0625370565741,27.444613279344313,587.6179237772297,0.044620850118237534,67
11219349.632154424,4145443.3228410613,89.73797973564334,656.049873096079,29.489481372754145,626.5603917233248,0.044950060326336486,46
11219599.632154424,4145443.3228410613,18.062977952012695,676.8032124114893,30.875934373321428,645.9272780381679,0.04562025387454748,39
11219849.632154424,4145443.3228410613,120.027695553979,571.8217609359181,26.83948236492623,544.9822785709919,0.046936797789921866,107
11220099.632154424,4145443.3228410613,111.2966814326098,537.5773621365771,25.57501877908097,512.0023433574961,0.047574582898048765,145
11220349.632154424,4145443.3228410613,287.10833942132336,547.7777159013747,26.20317281218837,521.5745430891864,0.04783541215996847,130
11220599.632154424,4145443.3228410613,233.1475341393357,551.5264328324571,26.29009945770033,525.2363333747568,0.04766788660097955,127
11220849.632154424,4145443.3228410613,289.6556777812881,539.5560041137501,26.24193458398636,513.3140695297637,0.04863616452028952,143
11221099.632154424,4145443.3228410613,299.12579098754844,581.2367071415157,28.98235409363977,552.254353047876,0.049863254914117694,92
11221349.632154424,4145443.3228410613,178.6994631689904,697.9474958183829,35.90932859509783,662.0381672232851,0.0514498996131394,33
11221599.632154424,4145443.3228410613,237.57023062629818,635.929358593014,33.7528226158157,602.1765359771982,0.05307637107758858,61
11221849.632154424,4145443.3228410613,259.19530871743484,579.9664130690493,30.8936705996166,549.0727424694327,0.053268033981716936,100
11222099.632154424,4145443.3228410613,145.56015441304652,455.82511528270317,24.01094140160385,431.8141738810993,0.052675775415999715,229
11222349.632154424,4145443.3228410613,316.53326688418315,303.4883914814683,15.500905517923822,287.9874859635445,0.051075777370780735,409
11222599.632154424,4145443.3228410613,551.5422554401405,237.8811617233271,11.748507130822993,226.1326545925041,0.0493881358477951,452
11218099.632154424,4145693.3228410613,280.0456984890263,187.52408974237042,8.292868983891772,179.23122075847866,0.04422295287653396,503
11218349.632154424,4145693.3228410613,109.59641933629104,236.53155998583853,10.43005031831468,226.10150966752386,0.04409580826735825,453
11218599.632154424,4145693.3228410613,219.58886748465002,304.4622759834098,13.461543811782715,291.00073217162713,0.04421416009028401,404
11218849.632154424,4145693.3228410613,285.3328292578921,419.72700334449513,18.626188913645827,401.1008144308493,0.04437691348240036,260
11219099.632154424,4145693.3228410613,292.2320466350566,576.5680133761674,25.644552133651725,550.9234612425157,0.04447793068416471,95
11219349.632154424,4145693.3228410613,250.05241105383422,572.5532765503635,25.700031380515206,546.8532451698484,0.04488670737395484,104
11219599.632154424,4145693.3228410613,224.2153147843888,471.1685426624897,21.586452977660848,449.5820896848289,0.04581471601580114,199
11219849.632154424,4145693.3228410613,135.3854445446402,443.3630397239698,20.74643069190342,422.6166090320664,0.04679332473184908,244
11220099.632154424,4145693.3228410613,29.802325371677956,445.60230633003,21.125883921699824,424.47642240833017,0.04740972751171802,242
11220349.632154424,4145693.3228410613,131.3781061653659,452.7801389227484,21.58142408292509,431.1987148398233,0.04766424634762354,232
11220599.632154424,4145693.3228410613,70.99165866616161,542.9092238437661,25.72576133713231,517.1834625066338,0.04738501430311941,137
11220849.632154424,4145693.3228410613,185.96358405843193,547.2723756965307,26.412325961957812,520.860049734573,0.04826175618373212,132
11221099.632154424,4145693.3228410613,250.52770583492082,601.4341903988278,29.759456290228698,571.6747341085991,0.04948081895792185,74
11221349.632154424,4145693.3228410613,72.2591910684549,720.8485984894677,37.18263316156302,683.6659653279047,0.05158175134068225,28
11221599.632154424,4145693.3228410613,269.5897809577105,622.1523075624282,32.7737690629985,589.3785384994296,0.052678047906637236,65
11221849.632154424,4145693.3228410613,368.9499354858506,568.8738876706477,30.163693405900574,538.7101942647471,0.053023515509581606,113
11222099.632154424,4145693.3228410613,393.1558362346703,531.7543051119815,28.20551046813041,503.54879464385107,0.05304237351156122,156
11222349.632154424,4145693.3228410613,483.2981088903685,308.56811738220966,15.884524298202725,292.68359308400693,0.051478177437649104,402
11218099.632154424,4145943.3228410613,191.3255555578623,219.1022588383848,9.43270907603884,209.66954976234598,0.04305162861418347,471
11218349.632154424,4145943.3228410613,75.5292404225507,282.566107379359,12.045972378188555,270.52013500117044,0.042630634260804115,424
11218599.632154424,4145943.3228410613,315.91749572964505,322.30004530714206,13.857898643670831,308.44214666347125,0.04299688704810661,387
11218849.632154424,4145943.3228410613,117.47661371824772,345.13308754060085,15.131315219717798,330.00177232088305,0.04384197217236605,359
11219099.632154424,4145943.3228410613,133.36229001823142,370.91894529077865,16.522190774860654,354.396754515918,0.04454393873547825,332
11219349.632154424,4145943.3228410613,166.73379529177848,376.7767633499614,17.01810444589484,359.7586589040666,0.045167606129913905,321
11219599.632154424,4145943.3228410613,282.82038612975316,365.6456376262592,16.785932212018754,348.85970541424047,0.045907650699709195,338
11219849.632154424,4145943.3228410613,335.6625126620415,365.76735322514276,17.06676398809694,348.7005892370458,0.046660162088309025,339
11220099.632154424,4145943.3228410613,224.3441377402229,389.75825928958693,18.400593624300825,371.3576656652861,0.04721027248489774,305
11220349.632154424,4145943.3228410613,164.63843433232117,440.95254483236124,20.94909873335166,420.0034460990096,0.0475087375701981,247
11220599.632154424,4145943.3228410613,101.15410297288356,496.5839562803576,23.742825271206144,472.84113100915147,0.047812308414171965,176
11220849.632154424,4145943.3228410613,217.96865674957772,538.9336931060146,26.112022825999624,512.821670280015,0.04845127176129825,144
11221099.632154424,4145943.3228410613,87.63366734049288,564.7293226536478,28.205241080882377,536.5240815727655,0.04994470793254848,115
11221349.632154424,4145943.3228410613,104.6497742870452,660.2907383245724,34.3816240294974,625.909114295075,0.052070432059576725,47
11221599.632154424,4145943.3228410613,151.10720988565498,641.731998936986,33.91577654076245,607.8162223962236,0.05285037460644496,58
11221849.632154424,4145943.3228410613,162.40697141161965,578.6939662896287,30.71608862884943,547.9778776607793,0.053078294259381355,103
11222099.632154424,4145943.3228410613,261.8430310979184,454.08345314790404,23.964532724694354,430.11892042320966,0.05277561328993996,233
11222349.632154424,4145943.3228410613,479.7737607814038,286.09559253587645,14.73816441184445,271.357428124032,0.05151482510167045,422
11217849.632154424,4146193.3228410613,321.027214165338,188.94109149047904,8.114674319927898,180.82641717055114,0.042948171072340856,501
11218099.632154424,4146193.3228410613,127.11521823667647,297.6157241381835,12.337572280933207,285.2781518572503,0.041454705784311485,411
11218349.632154424,4146193.3228410613,160.25937635040026,366.8242084630529,15.1252706663951,351.6989377966578,0.04123302202373195,335
11218599.632154424,4146193.3228410613,400.25973655750164,400.4284685798493,16.626930364169024,383.8015382156803,0.0415228478213293,290
11218849.632154424,4146193.3228410613,266.80833212083047,374.3933641339063,15.940033001894388,358.4533311320119,0.04257562908137775,323
11219099.632154424,4146193.3228410613,274.17409016407777,340.0189513145013,14.948466433943164,325.0704848805581,0.043963627251225025,366
11219349.632154424,4146193.3228410613,87.0263441012768,336.6529493254216,15.087254442887385,321.5656948825342,0.04481545304480154,370
11219599.632154424,4146193.3228410613,122.2475525813143,334.9900214022929,15.290195628602891,319.69982577369,0.045643734594233605,371
11219849.632154424,4146193.3228410613,150.97612247505182,346.6611317038007,16.10565551363054,330.55547619017017,0.04645936345523666,357
11220099.632154424,4146193.3228410613,249.52412566131056,409.2496120413753,19.210360122373057,390.03925191900225,0.04694044797391495,274
11220349.632154424,4146193.3228410613,323.3234248238247,478.9016882557669,22.650722698368664,456.2509655573982,0.04729722875036431,189
11220599.632154424,4146193.3228410613,351.06931242227313,509.97002166286245,24.454733156448373,485.5152885064141,0.04795327591356972,169
11220849.632154424,4146193.3228410613,269.28320931932853,568.2068543778031,27.78467330593767,540.4221810718655,0.048898870353055485,112
11221099.632154424,4146193.3228410613,158.51591229058377,582.462708877657,29.77087981693948,552.6918290607175,0.05111207870166447,91
11221349.632154424,4146193.3228410613,168.81513845578286,690.7338966054473,36.327264534532596,654.4066320709147,0.052592271369712465,36
11221599.632154424,4146193.3228410613,148.74914748909035,647.2711468261622,34.313926756290684,612.9572200698715,0.053013218532211796,54
11221849.632154424,4146193.3228410613,94.39418774514421,496.76074993098246,26.252700635418634,470.5080492955638,0.05284777559230688,177
11222099.632154424,4146193.3228410613,179.84374492898314,348.05699329849995,18.179749571995142,329.8772437265048,0.05223210543683535,361
11222349.632154424,4146193.3228410613,420.6315165177126,251.71648522486132,12.929173197460504,238.78731202740082,0.05136403039280769,445
11217849.632154424,4146443.3228410613,268.6702512675145,207.28886628074375,8.809006695748485,198.47985958499527,0.04249628479234344,481
11218099.632154424,4146443.3228410613,64.22033303201194,342.42314653443907,14.013573351892548,328.4095731825465,0.040924725719390403,362
11218349.632154424,4146443.3228410613,247.11292647964748,367.99602697608265,15.158963497078588,352.8370634790041,0.04119328032327866,334
11218599.632154424,4146443.3228410613,403.87540297086514,401.2486967249359,16.620774229858558,384.6279224950773,0.041422624834722976,285
11218849.632154424,4146443.3228410613,168.86771117131138,447.3535236444116,18.59604464196208,428.75747900244954,0.04156901345152596,234
11219099.632154424,4146443.3228410613,137.54005462990114,380.6254652677898,16.394496374486465,364.2309688933034,0.04307251582064296,315
11219349.632154424,4146443.3228410613,335.18205596789784,384.6819859477805,16.82267286539038,367.85931308239014,0.043731376773317406,309
11219599.632154424,4146443.3228410613,223.76087965309728,362.3146047311315,16.24234860052554,346.072256130606,0.04482940623544213,342
11219849.632154424,4146443.3228410613,230.981358582117,354.86547578062687,16.362605219214274,338.5028705614126,0.04610931842050879,349
11220099.632154424,4146443.3228410613,19.05970647819669,438.667717469504,20.511487279777892,418.1562301897261,0.04675859759660532,250
11220349.632154424,4146443.3228410613,101.76430484151946,461.5299643999217,21.89030138004267,439.63966301987904,0.04742985952928169,214
11220599.632154424,4146443.3228410613,181.77155291532253,490.7333399932805,23.68496461865603,467.04837537462447,0.04826442935175414,178
11220849.632154424,4146443.3228410613,300.3529678514116,579.1983753779257,28.684398825884784,550.513976552041,0.049524308156369184,96
11221099.632154424,4146443.3228410613,192.39907986191886,649.3743392721211,33.62888236052013,615.745456911601,0.051786589532032475,52
11221349.632154424,4146443.3228410613,116.12502043952142,607.9371247580796,31.946009726576705,575.9911150315029,0.05254821333585968,71
11221599.632154424,4146443.3228410613,159.25720594022357,591.1527409502859,31.322353869928918,559.830387080357,0.05298521295795367,83
11221849.632154424,4146443.3228410613,91.0692077264764,459.58473344232436,24.268168430418626,435.3165650119057,0.052804557385203406,225
11222099.632154424,4146443.3228410613,241.1086979586556,299.2141870392338,15.558522639579369,283.6556643996544,0.051997944327216314,412
11222349.632154424,4146443.3228410613,450.24493814947857,222.5245310059945,11.401339305992519,211.123191700002,0.05123632551633322,469
11217849.632154424,4146693.3228410613,150.80760232103455,204.25519985444714,8.730898583940546,195.52430127050658,0.04274504928228123,484
11218099.632154424,4146693.3228410613,166.0061708851915,336.7764388452425,13.849358781870645,322.9270800633719,0.04112330075511839,369
11218349.632154424,4146693.3228410613,393.94165826265095,378.77259764752694,15.613220046155845,363.1593776013711,0.04122056385051641,316
11218599.632154424,4146693.3228410613,312.72227475620247,416.42223943049385,17.244507764453953,399.1777316660399,0.04141111144313002,264
11218849.632154424,4146693.3228410613,171.95783066032175,444.2574170129606,18.573773464346996,425.68364354861365,0.04180858383689097,241
11219099.632154424,4146693.3228410613,193.58807475042468,480.19895591479815,20.28780745848316,459.911148456315,0.042248753789633046,184
11219349.632154424,4146693.3228410613,211.0498162859232,464.58070648578973,19.944702578606957,444.6360039071828,0.04293054425241616,203
11219599.632154424,4146693.3228410613,362.68322732322184,472.5085969771538,20.533753309853417,451.9748436673004,0.043456888279317894,197
11219849.632154424,4146693.3228410613,341.2526500064637,376.8887994781347,17.215818924437382,359.6729805536973,0.04567877567143293,322
11220099.632154424,4146693.3228410613,251.9211295922367,397.75479733822056,18.6947154898985,379.06008184832206,0.04700060342453124,296
11220349.632154424,4146693.3228410613,202.9135541060478,457.19830021697044,21.755742553221356,435.4425576637491,0.047584915654535105,224
11220599.632154424,4146693.3228410613,205.6209452773552,479.17754589788774,23.203941176598626,455.9736047212891,0.048424516914954446,190
11220849.632154424,4146693.3228410613,67.82909663432171,548.3259691156836,27.31445780162759,521.0115113140561,0.049814269868850396,131
11221099.632154424,4146693.3228410613,300.8267535547656,601.3403687505354,31.300346724524303,570.0400220260111,0.05205096539512247,76
11221349.632154424,4146693.3228410613,136.65864789436742,559.7902402930365,29.467174205053386,530.3230660879831,0.052639671226901066,122
11221599.632154424,4146693.3228410613,248.09274360611178,536.6954219539053,28.43746604020002,508.2579559137053,0.05298622808569886,151
11221849.632154424,4146693.3228410613,254.5561731063403,421.49254602140553,22.254097292402474,399.23844872900304,0.05279831755618354,263
11222099.632154424,4146693.3228410613,426.37783922962706,263.281165095933,13.654760587462228,249.62640450847076,0.05186379581116932,438
11217599.632154424,4146943.3228410613,380.75224632172853,148.0464605786118,6.5222636534131695,141.52419692519862,0.044055518976422174,523
11217849.632154424,4146943.3228410613,152.51738681327663,197.67645895594703,8.561515950590668,189.11494300535637,0.04331075129435941,492
11218099.632154424,4146943.3228410613,162.94426495479698,267.7136263128812,11.391494705098015,256.3221316077832,0.0425510455406726,433
11218349.632154424,4146943.3228410613,265.0280028117178,341.9336934536297,14.383336760530325,327.5503566930994,0.04206469568779386,363
11218599.632154424,4146943.3228410613,272.9600129184671,370.4683647262414,15.690248810520874,354.77811591572055,0.04235246597132585,330
11218849.632154424,4146943.3228410613,79.25555532049373,418.32288619496524,17.818956558602267,400.50392963636295,0.04259617904409249,262
11219099.632154424,4146943.3228410613,205.9194931493045,463.7759160777205,19.844556149631973,443.93135992808857,0.04278910452587275,205
11219349.632154424,4146943.3228410613,66.33201403645404,457.7954582943277,19.86463623341613,437.93082206091157,0.04339194693505386,217
11219599.632154424,4146943.3228410613,236.07016828944586,467.4490960993246,20.516913349540847,446.93218274978375,0.04389122477879681,201
11219849.632154424,4146943.3228410613,156.32537257433754,396.5057167690556,18.135347404899218,378.3703693641564,0.045737921643793436,298
11220099.632154424,4146943.3228410613,343.7239006307295,362.0408788945091,17.276739548756094,344.764139345753,0.04772041102515985,344
11220349.632154424,4146943.3228410613,361.09466927296114,384.8410257034884,18.675998479321244,366.16502722416715,0.048529125617991394,312
11220599.632154424,4146943.3228410613,191.84685932570994,398.7321498177048,19.6087167240505,379.1234330936543,0.04917766659401644,295
11220849.632154424,4146943.3228410613,192.32578299656845,404.0074418687154,20.373649260555748,383.63379260815964,0.05042889597854558,291
11221099.632154424,4146943.3228410613,361.85197308158126,486.9755420446874,25.359796295542747,461.61574574914465,0.05207611903682752,181
11221349.632154424,4146943.3228410613,112.0019904298121,528.7220450150717,27.931537599165043,500.79050741590663,0.052828396058970516,162
11221599.632154424,4146943.3228410613,122.75694871633395,492.1234226690726,26.098783708497862,466.02463896057475,0.05303300453969234,179
11221849.632154424,4146943.3228410613,135.34439144154376,311.6445355531388,16.30288725227223,295.34164830086655,0.052312443801834,399
11222099.632154424,4146943.3228410613,382.84061975085535,220.64651774628348,11.383649112054623,209.26286863422885,0.05159224459252255,472
11217599.632154424,4147193.3228410613,399.26837371632485,154.30727272174127,6.8181716147884,147.48910110695286,0.04418567896720883,521
11217849.632154424,4147193.3228410613,194.17650334524834,217.21342795208872,9.443360793831133,207.77006715825758,0.04347503228904466,474
11218099.632154424,4147193.3228410613,112.13640326720274,302.6515893701124,13.002317704420339,289.649271665692,0.04296133957690807,406
11218349.632154424,4147193.3228410613,143.07645673618708,341.4126869760778,14.72426173046966,326.68842524560813,0.043127459207458696,364
11218599.632154424,4147193.3228410613,189.55637844729134,333.43031304835,14.6256485061083,318.8046645422417,0.043864183710217934,372
11218849.632154424,4147193.3228410613,248.05472688959435,373.0130186824502,16.44443482953828,356.5685838529119,0.044085417950352014,327
11219099.632154424,4147193.3228410613,230.48859415329065,464.1653877335494,20.27004426974875,443.8953434638006,0.04366987458656572,206
11219349.632154424,4147193.3228410613,294.8782145954744,464.20158286846987,20.52335533890976,443.6782275295601,0.044212161475384266,207
11219599.632154424,4147193.3228410613,201.1617344068147,476.8505151196088,21.292820138004526,455.5576949816043,0.04465302954042868,192
11219849.632154424,4147193.3228410613,56.139365480761164,389.5384778905351,18.383275917326856,371.15520197320825,0.04719245199313217,307
11220099.632154424,4147193.3228410613,131.63676206983249,380.5718302029925,18.720638146851414,361.8511920561411,0.04919081408854157,318
11220349.632154424,4147193.3228410613,166.44095543260087,388.53034697571263,19.457891507798042,369.0724554679146,0.05008075085834768,308
11220599.632154424,4147193.3228410613,162.4206493315757,361.7802176078151,18.229055200379833,343.55116240743524,0.050387097782502006,345
11220849.632154424,4147193.3228410613,162.98606290537572,331.38148424613536,16.82385723789982,314.55762700823556,0.05076885112085445,376
11221099.632154424,4147193.3228410613,389.54902910095865,324.1013170183959,16.66158561895384,307.43973139944205,0.051408571159888665,388
11221349.632154424,4147193.3228410613,280.2324279480145,320.0420678876249,16.620130905407887,303.421936982217,0.05193108210775481,392
11221599.632154424,4147193.3228410613,291.78383970131983,281.8721446983508,14.6542008554555,267.2179438428953,0.051988822347585596,427
11221849.632154424,4147193.3228410613,311.1870230630104,225.91709168183664,11.673991890428395,214.24309979140824,0.05167378795256935,465
11222099.632154424,4147193.3228410613,474.4325022164436,180.48223629109486,9.245378461387988,171.23685782970688,0.05122597465202265,507
11217599.632154424,4147443.3228410613,546.6792436347985,164.28165525610666,7.260132012576099,157.02152324353057,0.0441931997900674,514
11217849.632154424,4147443.3228410613,362.81049851091416,282.23626483466654,12.14698135209825,270.0892834825683,0.04303834363459256,426
11218099.632154424,4147443.3228410613,228.97440262741364,324.79489185998784,14.045940235121249,310.7489516248666,0.04324557001092294,381
11218349.632154424,4147443.3228410613,309.3572411791845,357.3259172309995,15.632836375614007,341.69308085538546,0.04374951723837006,347
11218599.632154424,4147443.3228410613,105.50730335776724,381.5482221385244,17.018046446311832,364.5301756922126,0.04460260973286171,313
11218849.632154424,4147443.3228410613,191.6541624490489,346.177086446759,16.114477235074563,330.06260921168445,0.04654980894454123,358
11219099.632154424,4147443.3228410613,63.27970671861022,391.2538853566853,18.37715939471523,372.87672596197007,0.04696990900924026,301
11219349.632154424,4147443.3228410613,194.5057600449088,421.6752191785402,19.768395501237528,401.90682367730267,0.04688061949608533,259
11219599.632154424,4147443.3228410613,300.95309101573105,394.0083681609985,18.845685310970325,375.16268285002815,0.04783067273147269,300
11219849.632154424,4147443.3228410613,230.7777024735005,404.36459518163747,20.054874962513615,384.30972021912385,0.04959602102034952,287
11220099.632154424,4147443.3228410613,199.10165392632362,528.7123698874778,27.093203286338483,501.61916660113934,0.05124374769613304,161
11220349.632154424,4147443.3228410613,174.26382916196485,512.6369292105951,26.441601721355457,486.1953274892396,0.051579588232304366,168
11220599.632154424,4147443.3228410613,94.15699470354778,461.3629890016608,23.841580528516996,437.5214084731438,0.05167640468973806,218
11220849.632154424,4147443.3228410613,335.2062009405813,318.9055437604895,16.342700131268952,302.56284362922054,0.05124620895127166,393
11221099.632154424,4147443.3228410613,260.93244442072046,261.3283334186912,13.379759242452707,247.9485741762385,0.0511990378824179,440
11221349.632154424,4147443.3228410613,339.54557832706746,231.4248490017789,11.875264052130973,219.54958494964794,0.0513136947192723,458
11221599.632154424,4147443.3228410613,525.4746206280994,204.1747917083043,10.479105389479658,193.69568631882464,0.05132418797542208,487
11217599.632154424,4147693.3228410613,471.04286905755606,162.77421974622092,7.2285256987437805,155.54569404747713,0.044408295797784665,516
11217849.632154424,4147693.3228410613,237.96176522779447,289.2997411056271,12.493050134681898,276.8066909709452,0.043183758433162654,415
11218099.632154424,4147693.3228410613,40.82820756815793,312.31837210515994,13.667451196135183,298.65092090902476,0.04376127828795563,395
11218349.632154424,4147693.3228410613,217.8640901159974,345.3850348205758,15.41921941946297,329.9658154011128,0.04464356548474402,360
11218599.632154424,4147693.3228410613,108.2924735043003,397.8710550261955,18.30548809844458,379.5655669277509,0.046008594662005166,294
11218849.632154424,4147693.3228410613,195.61135581522643,375.58679448630636,18.827257391358803,356.7595370949476,0.05012758080887541,326
11219099.632154424,4147693.3228410613,262.6549310805362,442.95570747893174,23.262375764350583,419.6933317145812,0.052516256979163116,248
11219349.632154424,4147693.3228410613,65.92035810408227,430.382027989115,22.525977165170318,407.85605082394466,0.05233949305555118,257
11219599.632154424,4147693.3228410613,107.98317068124653,382.4511351503315,19.627342871136033,362.82379227919546,0.05131987087297058,317
11219849.632154424,4147693.3228410613,348.6100791607687,449.382350886874,23.15396262301743,426.2283882638566,0.05152396968265924,240
11220099.632154424,4147693.3228410613,259.7671216883357,503.14485006240824,26.09863248008312,477.04621758232514,0.05187101185045607,173
11220349.632154424,4147693.3228410613,195.5549286105821,484.54534417348543,25.1863068483995,459.3590373250859,0.051979256742959966,186
11220599.632154424,4147693.3228410613,266.9080166989168,475.2275626499633,24.768161649994852,450.45940099996847,0.05211852930390372,198
11220849.632154424,4147693.3228410613,280.7376875619268,326.71319340425777,16.89131840776483,309.8218749964929,0.05170075389904564,384
11221099.632154424,4147693.3228410613,31.923477688189962,229.9460957799829,11.780279532285238,218.16581624769765,0.051230613384959794,459
11221349.632154424,4147693.3228410613,219.60092813510306,190.0052012267947,9.701865959163685,180.303335267631,0.05106105462651682,502
11217599.632154424,4147943.3228410613,473.70899873767365,141.92027399602196,6.400333215543116,135.51994078047883,0.04509808947890361,527
11217849.632154424,4147943.3228410613,243.19669550675104,222.502700590502,9.83053337399601,212.67216721650598,0.04418163621343321,467
11218099.632154424,4147943.3228410613,137.43744004367025,303.2473829368677,13.383633746586225,289.8637491902815,0.04413437509985875,405
11218349.632154424,4147943.3228410613,103.93627627572052,339.0069428257679,15.380926710229982,323.62601611553794,0.04537053601918408,367
11218599.632154424,4147943.3228410613,22.13442304511204,351.3254364293505,17.153844326857072,334.1715921024934,0.04882608131423075,351
11218849.632154424,4147943.3228410613,188.5206405087776,452.21998300802096,24.386872223262415,427.83311078475856,0.05392701149791929,237
11219099.632154424,4147943.3228410613,295.8324004156685,444.590163599755,24.252630268974073,420.3375333307809,0.054550532725702976,245
11219349.632154424,4147943.3228410613,184.26881882889998,456.24930021125436,25.024792780883,431.2245074303714,0.05484894501601629,231
11219599.632154424,4147943.3228410613,180.6091318551729,421.1829629031872,22.784434392487828,398.3985285106994,0.054096286885481265,266
11219849.632154424,4147943.3228410613,99.05260538229666,416.3583805517409,21.875095321830955,394.48328522990994,0.05253910175374153,271
11220099.632154424,4147943.3228410613,195.02105014394448,484.47737151950963,25.38144089726913,459.09593062224053,0.05238932175028743,187
11220349.632154424,4147943.3228410613,93.78689990022137,463.4901619650097,24.247342852529297,439.2428191124804,0.05231468721953111,215
11220599.632154424,4147943.3228410613,100.15910114226477,452.2609438752053,23.675111107379376,428.58583276782593,0.052348343203193266,235
11220849.632154424,4147943.3228410613,149.89650675487607,288.0166312678146,14.919622213124848,273.09700905468975,0.051801252404940865,419
11221099.632154424,4147943.3228410613,242.80131034251926,200.0693153741431,10.252295568625783,189.8170198055173,0.051243717955716,490
11221349.632154424,4147943.3228410613,325.81886918061497,161.95920144741808,8.250659644991535,153.70854180242654,0.05094282739885085,519
11217599.632154424,4148193.3228410613,593.2276514797036,116.743378649042,5.378004418503095,111.3653742305389,0.04606689030879121,535
11217849.632154424,4148193.3228410613,432.045673164862,154.06902026724174,7.065096369123968,147.00392389811776,0.04585669693277172,522
11218099.632154424,4148193.3228410613,339.7615231429524,199.48425186111564,9.200924211914753,190.28332764920088,0.04612356176526954,489
11218349.632154424,4148193.3228410613,166.76996809735732,234.02529816297445,11.180281652191617,222.84501651078284,0.04777381650596469,455
11218599.632154424,4148193.3228410613,29.719762618847607,285.47342048515577,14.68726358414164,270.7861569010141,0.051448795335064676,423
11218849.632154424,4148193.3228410613,100.4761874746783,412.7788313006069,22.762696343291577,390.01613495731533,0.05514501863278595,275
11219099.632154424,4148193.3228410613,90.36635010232888,412.0909451396636,22.883936077870242,389.2070090617933,0.05553127616068959,277
11219349.632154424,4148193.3228410613,140.47438035513832,422.0129408497149,23.52260183074121,398.49033901897366,0.05573905336499612,265
11219599.632154424,4148193.3228410613,124.45485237735994,406.7955336278909,22.51695065175829,384.2785829761326,0.05535201050745871,288
11219849.632154424,4148193.3228410613,126.20552997880866,322.1135733005766,17.089150894846647,305.02442240573,0.05305318468806063,391
11220099.632154424,4148193.3228410613,301.8529874384293,373.24957957557683,19.604844114079462,353.64473546149736,0.052524758732138924,333
11220349.632154424,4148193.3228410613,323.0328699713056,408.6311774832944,21.442984238191286,387.1881932451031,0.052475154662098476,281
11220599.632154424,4148193.3228410613,271.7053582561514,311.124709792965,16.21867842452909,294.9060313684359,0.05212918779521452,400
11220849.632154424,4148193.3228410613,293.70209209467976,217.63863647796933,11.229805989671481,206.40883048829784,0.051598402615466804,476
11221099.632154424,4148193.3228410613,472.96726746835236,166.54441999546728,8.518210992501999,158.0262090029653,0.05114678109740232,513
11217599.632154424,4148443.3228410613,777.4560292873161,96.67471885655685,4.542108751504726,92.13261010505212,0.04698341826309498,538
11217849.632154424,4148443.3228410613,662.708302872051,117.60321031738482,5.5522537673284935,112.05095655005633,0.047211753423602974,534
11218349.632154424,4148443.3228410613,363.0777628960391,169.58916062310615,8.39568259370834,161.19347802939782,0.0495060094811534,511
11218599.632154424,4148443.3228410613,237.22487757356302,215.4807297625043,11.234648644263357,204.24608111824094,0.05213760254406886,478
11218849.632154424,4148443.3228410613,274.1181139742273,325.3666742814514,18.00063156532554,307.3660427161259,0.05532414038739101,389
11219099.632154424,4148443.3228410613,168.14694958639956,386.28917993672326,21.761409470329777,364.52777046639346,0.0563345043055424,314
11219349.632154424,4148443.3228410613,86.55425489543406,393.91345005240845,22.23712097553092,371.67632907687755,0.056451794099877446,304
11219599.632154424,4148443.3228410613,252.46178793225363,290.81757893897134,15.933870061311875,274.88370887765944,0.0547899137302688,417
11219849.632154424,4148443.3228410613,288.0512353181806,237.35389999125553,12.59014794903578,224.76375204221975,0.05304377956081455,454
11220099.632154424,4148443.3228410613,456.52200350617426,229.55170559577968,11.99851274157009,217.55319285420958,0.0522693251632746,460
11220349.632154424,4148443.3228410613,570.0039364521115,222.44424560641485,11.55775898885466,210.8864866175602,0.051958003936431595,470
11220599.632154424,4148443.3228410613,512.4604939588814,195.6013823058656,10.105992390806572,185.49538991505904,0.05166626263920589,495
11220849.632154424,4148443.3228410613,524.4548360576619,162.4256408805654,8.334781577981527,154.09085930258388,0.051314444768669545,518
11218349.632154424,4148693.3228410613,558.764565948185,130.58591446065597,6.542315137006303,124.04359932364967,0.05009969998699536,531
11218599.632154424,4148693.3228410613,486.4853757200346,157.13686990224437,8.14103706617077,148.9958328360736,0.051808573450873426,520
11218849.632154424,4148693.3228410613,469.3059341550903,194.78354506531446,10.440685931839916,184.34285913347455,0.053601478134813516,497
11219099.632154424,4148693.3228410613,416.39010084247406,228.95732655120065,12.530284549451256,216.42704200174938,0.05472759809959245,462
11219349.632154424,4148693.3228410613,335.87854641195366,224.5649914229688,12.264046946473977,212.30094447649483,0.05461246149171404,468
11219599.632154424,4148693.3228410613,411.1687163017796,195.67110021675256,10.492828215893311,185.17827200085924,0.053624823513896504,496
11219849.632154424,4148693.3228410613,524.4227231341408,174.74801149079383,9.194494887511976,165.55351660328185,0.05261573398788784,510
11218349.632154424,4148943.3228410613,785.8818094401568,103.44986800434629,5.190466562135244,98.25940144221104,0.05017373789125738,536
11218599.632154424,4148943.3228410613,736.2475120767027,118.13973712492593,6.05610824456671,112.08362888035921,0.05126224581118482,533
11218849.632154424,4148943.3228410613,700.2537963178611,133.8013715356963,6.997011956575032,126.80435957912125,0.052294022671571266,530
11219099.632154424,4148943.3228410613,641.7880035601037,145.30179151197447,7.691621876535475,137.610169635439,0.052935492374170764,526
11219349.632154424,4148943.3228410613,585.7791024260853,146.7683102726979,7.776515687248833,138.99179458544907,0.05298497797514968,525
11219599.632154424,4148943.3228410613,631.9671448458033,140.25999532190295,7.3748768607137185,132.88511846118922,0.052580044964268303,528
11218349.632154424,4149193.3228410613,1023.7199796128853,84.14437310552132,4.212394798738157,79.93197830678317,0.05006151502793419,540
11218599.632154424,4149193.3228410613,986.1302030101328,92.80259621203226,4.711874186691191,88.09072202534107,0.05077308587278808,539
11218849.632154424,4149193.3228410613,940.9902755512254,100.87105058783087,5.18581153689516,95.6852390509357,0.05141030559981873,537
