sigungu,dong,dong_code,n_cafe,expected,gap,day_pop,night_pop,dist_center_km
서대문구,북아현동,11410555,16,175.98084920634918,-159.98084920634918,77295.0352668,45850.509268285714,2.198118233466475
강남구,삼성1동,11680580,118,202.60221031746022,-84.60221031746022,72796.4355048,18960.310312285714,9.385600824350792
서대문구,충현동,11410565,78,146.75063888888894,-68.75063888888894,45789.0383232,27785.69976057143,1.429832460646258
강남구,수서동,11680750,35,103.17922222222226,-68.17922222222226,27981.335219999997,17953.09453342857,14.020601681452424
강남구,대치1동,11680600,23,88.66200396825398,-65.66200396825398,30365.7009132,27550.516317142854,10.712948505945038
강서구,화곡8동,11500593,30,94.3677923280423,-64.3677923280423,78296.766588,85275.0414,12.061875510473238
서초구,반포4동,11650581,77,139.9724272486773,-62.97242724867729,57760.926664399994,31042.923137142854,7.466536920428361
송파구,잠실3동,11710680,28,90.42816005291004,-62.428160052910044,49909.5165656,37738.25888885714,12.039577499600906
서초구,서초3동,11650530,197,258.74086111111103,-61.74086111111103,94334.15856360001,45846.07422314286,9.00860656913273
송파구,잠실6동,11710710,68,128.41048412698416,-60.41048412698416,59573.497878,20098.598301428574,12.293163373543718
송파구,풍납2동,11710520,22,79.35201190476192,-57.35201190476192,38011.0780396,31006.705558571426,12.825624216992907
서초구,반포3동,11650580,18,72.91397486772487,-54.913974867724875,24439.517498,22890.409739142855,6.964749545757762
강남구,도곡1동,11680655,45,99.30514814814815,-54.30514814814815,49648.827443999995,41597.00930885714,10.145334347162116
서초구,반포2동,11650570,14,66.15297113997116,-52.15297113997116,26161.44056,24606.733831714286,7.020214424682615
서초구,반포본동,11650550,9,55.82712169312166,-46.82712169312166,8700.2081496,4518.873267428572,7.163006178099422
종로구,이화동,11110640,91,135.93270502645504,-44.93270502645504,49301.762004000004,22335.01115942857,2.7086998382497827
성동구,옥수동,11200645,26,70.62307804232805,-44.623078042328046,25450.460732,27506.210793714283,4.173997812087696
양천구,목5동,11470550,32,76.37278968253969,-44.37278968253969,38584.2469008,43528.30873057143,9.325375920142767
송파구,오륜동,11710566,18,61.35909656084655,-43.35909656084655,26064.5773404,19748.38070885714,14.494374649005188
서초구,내곡동,11650660,28,70.0743986291486,-42.074398629148604,24948.326438,20069.967056,14.476799562467278
중구,장충동,11140580,30,71.78153968253969,-41.78153968253969,15106.7922916,7126.010645714285,2.4491991445379435
영등포구,여의동,11560540,323,364.09503439153457,-41.09503439153457,160651.4933416,53761.17196457143,6.572939408914017
강남구,일원본동,11680720,11,51.62741666666666,-40.62741666666666,23332.6561912,25755.612828285717,13.11382485829161
서초구,서초4동,11650531,73,113.32174338624343,-40.321743386243426,49051.649611199995,33451.38665685715,8.393364729378158
강남구,대치2동,11680610,118,157.38001851851854,-39.38001851851854,65451.336326799996,37076.42843171428,10.12180909718652
서초구,서초2동,11650520,126,162.50184788359792,-36.50184788359792,61837.5854824,30875.713809142857,9.450843033773115
서초구,잠원동,11650540,62,97.56389417989418,-35.56389417989418,38212.993438,38093.12582657143,6.733469787742892
성동구,행당1동,11200560,42,77.49710185185187,-35.497101851851866,46897.594778,38636.68684828572,5.141013800182891
용산구,이촌1동,11170630,17,51.61874807599806,-34.61874807599806,23829.8801816,25585.732205714285,5.181561923671867
강서구,공항동,11500620,48,81.65125396825398,-33.65125396825398,33547.19833,28168.091950857146,14.501032824859703
성동구,성수2가3동,11200690,139,172.02928571428572,-33.02928571428572,70575.94655,33021.23178171429,7.394557731703156
중구,중림동,11140680,38,70.01701587301585,-32.01701587301585,10029.9443884,6395.705306571428,1.359351222357133
종로구,가회동,11110600,58,89.44520899470902,-31.44520899470902,9060.0377904,3529.9788011428573,1.7030671248867046
서대문구,천연동,11410520,20,50.77586243386243,-30.77586243386243,12253.1975316,15611.363684571428,1.4583682094279338
서초구,반포1동,11650560,69,99.43142460317456,-30.431424603174563,37857.220184,32557.238458571428,7.589879768721643
강동구,강일동,11740515,22,52.12573148148147,-30.125731481481473,43312.005972000006,54421.516218000004,17.322061494898627
도봉구,창4동,11320514,29,58.52123412698411,-29.521234126984112,27411.4243084,28444.250328000002,11.497082293686518
강서구,가양2동,11500604,8,36.80145899470897,-28.801458994708973,13668.088956399999,11418.156632285714,11.044209476876189
중구,필동,11140570,93,121.16053174603172,-28.160531746031722,19492.337202,7445.080814857142,1.5876866215452135
노원구,하계2동,11350612,3,31.094791005291007,-28.094791005291007,14643.4424356,17835.464828285712,10.831854785708503
강남구,개포1동,11680660,2,28.164690596440604,-26.164690596440604,20445.7353272,30997.065766285716,11.594885561102155
강동구,천호1동,11740600,27,52.623052910052905,-25.623052910052905,26244.524864799998,31389.673867142854,14.36709325584416
중구,광희동,11140590,101,126.4093068783068,-25.409306878306793,35004.767161200005,13618.439190571427,2.2618233741494724
용산구,서빙고동,11170690,17,42.402694444444435,-25.402694444444435,16462.7292248,13170.523557142857,4.984756075879604
구로구,오류2동,11530780,27,52.188756012506026,-25.188756012506026,43009.451812399995,55931.11946771429,14.8703057860154
강동구,고덕1동,11740550,18,42.80802116402117,-24.80802116402117,21487.9485472,26836.335787142856,15.37052885744826
마포구,아현동,11440555,54,78.30313227513226,-24.303132275132256,28528.9432356,28840.81325142857,2.803414941309536
성동구,마장동,11200540,20,43.93714862914862,-23.937148629148624,17587.9028836,20041.353710857144,5.500263020192406
동작구,사당2동,11590630,40,63.658428571428594,-23.658428571428594,28361.6997628,29301.41700457143,8.62600691362783
강남구,청담동,11680565,98,121.42118518518524,-23.421185185185237,53914.4248556,31965.99308457143,7.775901396309984
송파구,잠실2동,11710670,30,53.02046560846559,-23.020465608465592,31827.440342,34247.99661085714,11.131714384146091
동작구,노량진2동,11590520,26,48.84761111111111,-22.847611111111107,14978.3592032,13637.651040285715,6.9048210068814475
서대문구,북가좌1동,11410710,6,28.761298941798934,-22.761298941798934,11807.990158,16381.686097714286,6.197390095692922
강북구,송천동,11305555,36,58.07011640211641,-22.070116402116412,22921.213426,24502.397054285717,7.101930700659405
노원구,월계3동,11350580,22,43.76093253968254,-21.760932539682543,18190.3766464,24990.375898285714,9.883100408746772
강동구,둔촌2동,11740700,41,62.759912698412684,-21.759912698412684,23955.2432924,26444.180448,15.044320901805195
강서구,방화2동,11500640,50,71.54303174603177,-21.543031746031772,21674.3429868,18160.170450285714,15.061244142611473
강남구,도곡2동,11680656,54,75.43586375661376,-21.435863756613756,29466.6332076,26916.108046571426,10.784051682028837
강서구,가양3동,11500605,8,29.31406481481481,-21.31406481481481,10805.3066784,11620.006220285713,10.38151009941078
송파구,가락1동,11710631,26,47.22282455507452,-21.222824555074517,26527.2074468,31979.244225428574,13.706392620313531
서초구,방배1동,11650600,48,68.90830603655604,-20.90830603655604,22777.7399672,16204.272119714286,9.208247436266408
노원구,중계2.3동,11350625,22,42.73355555555556,-20.73355555555556,27388.421728,31765.22603142857,11.350300598028817
성북구,월곡1동,11290715,33,53.31594155844155,-20.31594155844155,24349.665878800002,28364.222374,6.775470655705605
송파구,문정1동,11710641,41,61.289630110630135,-20.289630110630135,20791.613344,22950.725513714286,15.655857070627789
강남구,압구정동,11680545,125,145.17262169312176,-20.172621693121755,56946.977713600005,29040.078005714284,6.706559347543464
강북구,미아동,11305535,39,59.0736296296296,-20.0736296296296,20834.309675200002,21032.150847999997,7.995975387940242
강남구,개포2동,11680670,22,41.95533465608463,-19.95533465608463,27522.610599599997,32034.142675714284,11.770393808915665
동대문구,청량리동,11230705,36,55.910079365079355,-19.910079365079355,21618.8584716,17704.05240742857,6.284530672862956
구로구,가리봉동,11530595,10,29.66080291005293,-19.66080291005293,12349.9078296,11971.52350057143,12.213970210268425
양천구,신정6동,11470670,21,40.292303751803736,-19.292303751803736,17156.9465732,19551.523065999998,11.06816247583401
관악구,조원동,11620725,47,66.29218518518519,-19.29218518518519,49621.132416,45496.85827285714,11.154282477444122
양천구,신정7동,11470680,28,46.98227777777776,-18.98227777777776,18150.2892232,21215.120930285713,11.764505798520746
영등포구,영등포동,11560535,125,143.6535714285714,-18.65357142857141,71411.6424432,39061.071042285716,8.12341026494559
광진구,광장동,11215810,49,67.47994841269838,-18.479948412698377,33540.9695956,36910.52774628572,11.354055438514786
은평구,응암2동,11380590,13,30.92398941798942,-17.92398941798942,15481.0488628,20533.128594857142,5.842474205285584
용산구,이촌2동,11170640,3,20.51980026455026,-17.51980026455026,6590.536762799999,7304.226757142857,4.90979701758613
관악구,남현동,11620630,29,46.43299470899469,-17.43299470899469,20029.8010036,22160.273889714284,10.114810695869679
강남구,대치4동,11680630,127,144.14480820105825,-17.144808201058254,53875.2233796,29246.645614,9.79930839406022
노원구,월계2동,11350570,17,34.02916113516115,-17.029161135161146,15955.1623772,20109.014960285716,9.699353843379017
송파구,잠실4동,11710690,13,29.634361111111108,-16.634361111111108,22765.2741564,34424.77273142857,12.447764556249242
성동구,용답동,11200790,30,46.46522619047617,-16.465226190476173,17305.3490856,16470.660501714287,7.1118547069936415
영등포구,신길7동,11560690,16,32.34499338624339,-16.344993386243388,16636.5818128,19389.198915142857,8.423880150233899
양천구,신정3동,11470640,37,53.0040800865801,-16.004080086580103,32481.311502,41628.29406857143,12.858337687506879
성동구,성수1가1동,11200650,53,68.9742169312169,-15.974216931216901,20599.565188,13787.584283142856,6.728326457924429
강서구,방화3동,11500641,20,35.733276455026456,-15.733276455026456,12402.1906412,14756.634644571428,14.58245412392623
구로구,구로2동,11530530,49,64.68526058201056,-15.685260582010557,34289.6418996,29656.56865342857,11.458855111774062
관악구,보라매동,11620525,32,47.270670634920634,-15.270670634920634,17530.4384544,20866.082142,9.482684185308738
중랑구,상봉1동,11260580,29,44.16351479076478,-15.16351479076478,17979.0479356,17442.856,10.516048231611709
성북구,길음1동,11290660,32,46.784103174603175,-14.784103174603175,28038.064016,39586.181988285716,5.811521118449981
송파구,장지동,11710646,46,60.38067772967775,-14.38067772967775,27934.8472292,33546.173002285715,16.204879153751165
노원구,중계1동,11350621,31,45.33364682539684,-14.33364682539684,20366.7004808,25385.330104,12.58915037973083
강동구,천호3동,11740620,44,58.28938095238091,-14.28938095238091,24670.503732,30778.907508857144,13.907079628503642
구로구,신도림동,11530510,48,62.22092460317462,-14.220924603174623,30891.226115600002,29443.45613542857,10.522932508292556
서대문구,홍제1동,11410620,29,43.13021825396826,-14.130218253968259,19252.1850256,25371.843807142857,3.7573312991537016
관악구,삼성동,11620745,7,20.895949735449733,-13.895949735449733,15021.4898576,20259.56688485714,11.526090839924995
노원구,상계9동,11350710,8,21.635121091871074,-13.635121091871074,11894.3277392,16184.136770857143,13.23749208609783
노원구,상계8동,11350700,7,20.633120370370378,-13.633120370370378,13533.1267432,21230.891317142858,12.96228632471374
송파구,잠실7동,11710720,5,18.56380627705627,-13.563806277056269,9278.6931856,9598.410410857143,10.70872552325574
성북구,돈암2동,11290590,11,24.557320105820097,-13.557320105820097,10508.65684,17464.493890285714,4.546558413162621
도봉구,방학1동,11320690,45,58.48273941798942,-13.482739417989421,23997.3125976,22167.222053142857,12.333697073675182
구로구,오류1동,11530770,27,40.424251443001424,-13.424251443001424,17296.485478399998,20953.150297142856,14.22965422641124
관악구,난곡동,11620775,9,22.323253968253965,-13.323253968253965,13483.1131972,18557.202153142858,11.668606134825469
용산구,남영동,11170530,81,94.3074391534391,-13.307439153439105,25840.124573600002,8655.448697428572,2.1883007473812
양천구,신월7동,11470611,10,23.178261904761914,-13.178261904761914,12914.1311264,14953.885742571429,13.649160788569661
송파구,풍납1동,11710510,13,26.07996164021164,-13.07996164021164,12277.7736408,14056.862659714287,12.965221731145906
중구,을지로동,11140605,123,135.88840079365073,-12.888400793650732,27708.7580524,6460.860651428572,1.45063979051562
서대문구,홍은2동,11410685,31,43.790927128427136,-12.790927128427136,18632.4200896,23439.741924857142,4.6085895740510825
관악구,미성동,11620765,29,41.76742532467529,-12.767425324675287,17562.1064428,22847.28713885714,11.26925538633203
종로구,삼청동,11110540,69,81.67193121693126,-12.671931216931256,10116.078447599999,4302.6493094285715,1.6508703484362817
강서구,우장산동,11500615,46,58.44447619047619,-12.444476190476188,30223.776633999998,31979.39483228571,12.313374182596844
은평구,수색동,11380650,16,28.024212962962956,-12.024212962962956,12999.5664696,16398.86835085714,7.581439526427901
도봉구,창2동,11320512,24,35.858190476190494,-11.858190476190494,23352.051231600002,34464.087183999996,10.023380987962641
광진구,자양2동,11215830,40,51.80885233285235,-11.808852332852346,23140.249442,25624.027995714285,9.963210970609234
노원구,중계본동,11350619,36,47.735171957671945,-11.735171957671945,18186.118319600002,20686.83432,12.819660875040475
중구,동화동,11140665,25,36.72984523809523,-11.72984523809523,11740.1657376,12253.81827657143,3.5060702756092623
종로구,숭인2동,11110710,27,38.633642857142846,-11.633642857142846,14024.7741692,10532.699279142858,3.790801696032157
동대문구,전농1동,11230560,62,73.60906349206347,-11.60906349206347,36323.291744400005,33863.41489,6.552641662388
중구,회현동,11140540,144,155.46727380952376,-11.46727380952376,54900.0633412,8243.091530857144,0.8113297638633457
서대문구,북가좌2동,11410720,34,45.379365079365066,-11.379365079365066,23916.670570000002,29889.207364857142,5.951866270938265
노원구,상계10동,11350720,13,24.273214285714282,-11.273214285714282,13023.715546399999,11377.089791714285,12.506174707418985
동대문구,전농2동,11230570,18,29.0120064102564,-11.0120064102564,13653.497973200001,14153.154116000002,7.364448499579351
은평구,불광2동,11380530,20,30.97680555555556,-10.976805555555561,15451.072023600002,21272.38836342857,7.751402143527776
강동구,둔촌1동,11740690,16,26.848112433862436,-10.848112433862436,22312.371408,35057.72811285714,14.78964496452964
종로구,무악동,11110570,9,19.846809523809526,-10.846809523809526,5302.5082912,6813.045307428572,1.9626486457183105
마포구,성산2동,11440730,49,59.599572751322754,-10.599572751322754,28863.0925356,34504.644906,6.476112505230576
광진구,자양3동,11215840,50,60.57292989417991,-10.572929894179907,21775.8686468,23737.092770857143,9.001598820053104
은평구,구산동,11380560,29,39.40394841269842,-10.40394841269842,21680.6940724,29209.347515999998,7.658774105995682
도봉구,쌍문4동,11320681,12,22.11516666666666,-10.11516666666666,11623.4899708,13710.758622285713,11.02393460348736
강북구,삼양동,11305534,19,29.01739021164021,-10.017390211640208,16832.5142152,23079.070647714285,7.1786160010610365
서초구,양재2동,11650652,126,135.98012962962954,-9.980129629629545,49180.788134,27854.364201999997,12.057393588090514
영등포구,영등포본동,11560515,28,37.8503267195767,-9.8503267195767,16783.602484000003,17728.154670285716,8.380270665234558
중구,황학동,11140670,23,32.63683862433863,-9.63683862433863,11338.705688799999,13374.12336342857,3.737724912087742
강서구,화곡1동,11500540,71,80.62595370370371,-9.625953703703715,55823.9403868,54717.608767428566,12.61332200197426
강동구,암사3동,11740590,14,23.565546296296297,-9.565546296296297,15034.71897,18527.572367142857,14.041441139556785
중구,약수동,11140635,26,35.46853439153439,-9.46853439153439,11774.6232604,13983.480020285715,3.2353301162497825
중구,신당동,11140615,55,64.31230663780663,-9.312306637806628,22130.6481944,17441.71587714286,3.1643198166908224
구로구,구로1동,11530520,15,24.266965007214996,-9.266965007214996,13763.824456800001,17790.967148285712,12.14683104053943
금천구,시흥3동,11545690,11,20.15375396825397,-9.15375396825397,10000.0649344,10175.207373142857,15.351581162959361
마포구,염리동,11440610,42,50.801996031746036,-8.801996031746036,18038.8180092,18518.771341142856,3.325473103419346
노원구,상계6.7동,11350695,50,58.7753051948052,-8.775305194805199,44791.4742032,41237.604118285715,11.982929999112544
광진구,중곡4동,11215770,36,44.710365079365076,-8.710365079365076,20969.119614799998,25961.360975428568,9.897262437215437
성동구,금호4가동,11200620,17,25.526246031746044,-8.526246031746044,10160.2660948,11127.641860857142,4.356797295272972
동대문구,답십리1동,11230600,32,40.47214814814816,-8.472148148148158,20848.5114992,26332.239048571428,6.665358788718525
영등포구,대림3동,11560720,35,43.41063888888887,-8.410638888888869,21296.6481628,23196.588723714285,10.40422687583553
서대문구,홍제3동,11410640,23,31.324923280423295,-8.324923280423295,13201.3516188,15210.47875542857,4.000685117758005
도봉구,쌍문3동,11320680,24,32.26574338624338,-8.26574338624338,15173.679284,16746.06399657143,10.194232444715562
노원구,상계3.4동,11350665,21,29.17047222222221,-8.170472222222209,15534.3791372,21451.778621142857,14.493335969414641
중랑구,중화2동,11260610,36,44.09836243386243,-8.098362433862427,21399.9358664,26088.377379142854,9.44529404672378
성북구,돈암1동,11290580,7,14.835309523809523,-7.8353095238095225,8376.6882996,11696.997282857143,5.6242270775786665
금천구,시흥2동,11545680,7,14.829175925925922,-7.829175925925922,9990.471872,13646.06863142857,13.965478439258144
마포구,대흥동,11440600,85,92.81877380952379,-7.81877380952379,27044.3879192,20276.550399428572,3.6205537142023205
영등포구,대림1동,11560700,21,28.550620370370375,-7.550620370370375,14257.4946964,12782.193080857143,10.293622576740173
중랑구,면목5동,11260550,13,20.436499999999988,-7.436499999999988,9832.986314400001,12690.639355142855,9.255268078146623
성북구,장위2동,11290770,17,24.434432539682543,-7.434432539682543,12530.607352399998,16029.832407714286,8.301598649701084
서초구,서초1동,11650510,104,111.4329338624339,-7.432933862433899,35995.402213600006,25264.005865714284,9.250906724677694
구로구,수궁동,11530790,22,29.38001455026455,-7.380014550264551,16683.329481599998,19585.99737457143,15.482820174032177
동작구,사당4동,11590650,14,21.318641534391524,-7.318641534391524,10761.376585999998,15750.564036000002,9.316120340413683
송파구,마천1동,11710540,10,17.23044047619048,-7.230440476190481,8924.5289104,14034.212382571428,17.371180812852895
도봉구,창5동,11320515,38,45.21362433862435,-7.213624338624349,17233.950638399998,17051.288266285716,11.318479644091399
강서구,등촌2동,11500530,18,24.844609788359776,-6.844609788359776,13119.000614800001,18482.445036285713,10.489448250821942
서대문구,남가좌1동,11410690,13,19.762259259259256,-6.762259259259256,9267.371336799999,11139.330541714286,5.5023320390536075
종로구,숭인1동,11110700,8,14.593119047619048,-6.593119047619048,8082.568604,7982.0617702857135,3.5440233980222207
성동구,성수2가1동,11200670,79,85.56220899470902,-6.5622089947090245,21563.5842744,15621.677561714285,7.498060383174521
성북구,장위3동,11290780,12,18.406657407407394,-6.406657407407394,9130.480131999999,11515.926227428572,8.715821360614603
구로구,개봉1동,11530740,39,45.300990139490125,-6.300990139490125,22850.9159728,29044.681948,13.4054152235773
중랑구,면목4동,11260540,19,25.254776455026466,-6.254776455026466,13136.0929304,16959.742351714285,9.368401447050084
강동구,고덕2동,11740560,45,51.23173412698413,-6.231734126984129,23949.8596836,21770.528027428572,16.472914896783564
성북구,장위1동,11290760,20,26.190468253968255,-6.190468253968255,15864.146816800001,22931.002619714283,8.06251304249713
구로구,구로3동,11530540,143,149.14867460317467,-6.148674603174669,56402.973701200004,29244.919708,11.637421292965508
강서구,등촌3동,11500535,65,71.10805158730159,-6.108051587301588,34029.398374799996,27527.20040142857,11.752309000766877
동작구,대방동,11590660,55,61.06400396825395,-6.0640039682539495,41341.578090400006,46518.61732314286,8.250156312671661
강남구,세곡동,11680700,44,49.836412698412694,-5.836412698412694,40503.991764399994,52261.14226257143,15.364249760401428
성동구,금호2.3가동,11200615,21,26.743718253968265,-5.7437182539682645,14402.157988399998,21236.956397142858,4.155610609248999
성동구,응봉동,11200580,5,10.713919312169315,-5.713919312169315,8083.3843336,12752.586133714287,5.098623665179495
노원구,하계1동,11350611,39,44.65252380952381,-5.652523809523807,22049.0518112,24165.791810285715,11.40312398100586
중구,청구동,11140645,11,16.59560582010582,-5.5956058201058205,7825.9966048,10876.371280857142,3.3120754198940707
영등포구,대림2동,11560710,28,33.58619047619048,-5.586190476190481,15576.109328400002,17513.53130571429,10.839171489840508
관악구,성현동,11620565,22,27.553825396825403,-5.5538253968254025,15810.725198,23457.62582514286,8.98773591698056
은평구,신사2동,11380632,17,22.54938095238095,-5.54938095238095,11851.714930400001,16343.000071714287,6.6601428382721135
광진구,자양1동,11215820,42,47.540445767195756,-5.540445767195756,19611.7905136,23120.128852285714,9.700009175466125
관악구,난향동,11620715,6,11.512465608465604,-5.512465608465604,5059.9040663999995,6635.018848571429,12.629018997387696
광진구,자양4동,11215847,75,80.40255820105823,-5.402558201058227,26914.0394036,23453.94356485714,8.401012531324444
동작구,신대방1동,11590670,26,31.401026455026454,-5.401026455026454,17155.0694312,22428.374927714285,10.446763902597654
성동구,왕십리2동,11200520,18,23.394646825396826,-5.394646825396826,11945.6526684,17610.225226,4.6075613507039765
종로구,평창동,11110560,28,33.188356430606426,-5.188356430606426,16381.4755636,20588.11388257143,4.755788078520312
은평구,불광1동,11380520,35,40.14687698412698,-5.146876984126983,21077.125796,27445.912973714283,6.869555680452888
성동구,행당2동,11200570,14,19.093023809523807,-5.093023809523807,12290.1811504,20404.74402885714,4.667858925877613
은평구,갈현2동,11380552,38,43.08475396825398,-5.0847539682539775,19171.2329076,23572.533698,7.823006825569376
강동구,암사1동,11740570,42,46.94018121693122,-4.940181216931222,24953.77981,33011.59315057143,13.741664967761855
용산구,원효로1동,11170560,56,60.823781746031734,-4.8237817460317345,18635.5571988,18926.89634857143,3.3675280279828503
동대문구,답십리2동,11230610,28,32.64191269841269,-4.641912698412689,17392.2831016,24462.060793999997,7.19274497650501
성북구,종암동,11290705,46,50.51014935064932,-4.510149350649321,32768.4514784,42582.819342285715,6.114905919291211
관악구,청림동,11620545,10,14.368957671957675,-4.368957671957675,8760.5332256,13761.472796571428,8.760791008204823
용산구,원효로2동,11170570,18,22.332678978428994,-4.332678978428994,12998.4605264,15951.571167142856,4.136119230146504
중랑구,면목본동,11260565,33,37.165931337181334,-4.165931337181334,22568.637716,31229.347121142855,10.116215608767439
성북구,석관동,11290810,42,46.02929761904762,-4.029297619047618,23684.0327432,27513.852793142858,8.768213024591228
구로구,고척1동,11530720,42,45.95735654160654,-3.9573565416065435,23723.849634,22855.444053714287,12.492330409558733
서대문구,홍제2동,11410655,9,12.951945767195772,-3.951945767195772,7744.605499200001,11391.597493714286,3.4168624036510558
성동구,금호1가동,11200590,16,19.902326118326126,-3.902326118326126,10705.2108824,14004.761196285715,4.367348770218846
용산구,보광동,11170700,11,14.73419841269841,-3.73419841269841,6269.2183548,6529.470781999999,4.667750844789021
종로구,창신3동,11110690,7,10.554824074074071,-3.5548240740740713,3510.4658452,6584.346724571428,3.452811554113607
영등포구,신길4동,11560660,9,12.531209595959599,-3.5312095959595986,5950.4056056,7720.691432,8.730766039203704
마포구,성산1동,11440720,52,55.49162037037036,-3.491620370370363,18924.6336296,20862.570698571428,5.825100239670715
도봉구,방학3동,11320710,16,19.48653439153439,-3.4865343915343914,14302.158244,21577.750874285714,11.353794018316226
서대문구,홍은1동,11410660,21,24.14915608465609,-3.1491560846560915,11681.347994400001,17473.23812142857,4.379337459118983
금천구,시흥4동,11545700,8,10.960714285714285,-2.9607142857142854,8028.5783636,11923.342408285715,13.395805939909675
동작구,사당3동,11590640,21,23.940220298220275,-2.940220298220275,12903.8565212,19495.078976,8.934012504915144
금천구,독산1동,11545610,77,79.80017460317457,-2.8001746031745682,35680.6622204,37409.835508,13.198592511057303
중랑구,중화1동,11260600,16,18.77111772486773,-2.771117724867729,12239.3330472,18101.702674,9.920450815170465
영등포구,신길3동,11560650,15,17.668894179894195,-2.6688941798941954,10779.9785176,15298.735634,9.134190472906356
성북구,길음2동,11290685,36,38.12449338624339,-2.124493386243387,17508.509568,18996.262279714283,6.374869772759457
은평구,신사1동,11380631,32,33.88389658489659,-1.8838965848965898,16225.0964936,22842.709843428573,6.852749951019923
영등포구,신길5동,11560670,12,13.661777777777782,-1.6617777777777825,8962.1994472,10109.884055714285,9.664872914919263
은평구,녹번동,11380510,49,50.648678571428576,-1.6486785714285759,26600.157118,33389.16017085715,5.999692192500243
중구,다산동,11140625,40,41.50923677248679,-1.509236772486787,14758.107821599999,13018.16543657143,3.042114326609769
광진구,능동,11215780,31,32.492878306878296,-1.4928783068782963,14415.146618,11265.181950571428,9.240561119433211
성동구,사근동,11200550,67,68.46283597883603,-1.4628359788360257,25610.6165348,18759.18051314286,5.747729012745686
노원구,월계1동,11350560,43,44.31780158730158,-1.317801587301581,17761.0410656,19797.074261428574,9.403949109428
영등포구,신길1동,11560630,22,23.15796031746032,-1.1579603174603186,15816.2055552,19102.247509999997,7.935763180983232
양천구,목1동,11470510,88,88.98559126984125,-0.985591269841251,44661.0451176,30528.856362285715,10.238468460584773
동작구,신대방2동,11590680,54,54.917683862433876,-0.9176838624338757,23120.5009228,19170.04880342857,9.173375839607106
성북구,정릉1동,11290620,16,16.86283994708994,-0.8628399470899417,10744.768948,14191.261570571429,5.306630556924689
중랑구,면목2동,11260520,32,32.8380462962963,-0.838046296296298,16517.4798676,22299.34677942857,9.238141359600919
동작구,흑석동,11590605,57,57.819932539682526,-0.8199325396825259,31242.595540399998,29310.581806285718,6.72662248959582
용산구,용문동,11170590,18,18.727958994709,-0.7279589947089988,5876.552687199999,8223.903693714286,3.580148685775852
용산구,한남동,11170685,94,94.70468386243387,-0.7046838624338676,34236.2050612,19802.493038,4.17017957955943
송파구,거여1동,11710531,17,17.696681216931225,-0.6966812169312249,11467.43643,13575.798902857145,16.589233994722132
종로구,종로5.6가동,11110630,92,92.56428042328038,-0.5642804232803798,22094.8033664,8537.364796285714,2.383991396899406
구로구,구로4동,11530550,28,28.47444997594997,-0.4744499759499696,14563.9941952,16938.110570285713,11.48595478488202
중구,소공동,11140520,155,155.45849603174602,-0.45849603174602294,50122.5617344,6067.942341999999,0.37410301660022727
강서구,화곡2동,11500550,11,11.428329365079367,-0.42832936507936736,8559.1865172,12608.528719714286,11.543231595694849
양천구,신월3동,11470580,21,21.38643498168498,-0.3864349816849817,11865.1704688,12340.666002285714,13.762702845168782
중랑구,묵2동,11260630,29,29.175087301587325,-0.17508730158732533,15328.9712752,17778.417899714284,9.909481958169083
서초구,방배2동,11650610,60,60.11852777777774,-0.11852777777774293,23453.918294799998,18355.42185942857,9.644995164252496
동작구,노량진1동,11590510,69,69.01976587301588,-0.01976587301588495,33614.6377812,34044.87624,6.684992086830209
송파구,송파2동,11710590,36,36.01674074074075,-0.016740740740750937,16861.7325112,19175.46103657143,13.993063353721618
도봉구,창1동,11320511,32,31.87489285714284,0.12510714285716062,16090.390532,19111.750836857143,10.432983123882408
송파구,위례동,11710647,39,38.693134920634925,0.3068650793650747,43155.2514344,54403.36227228571,17.336381036889307
성북구,월곡2동,11290725,50,49.64798015873016,0.3520198412698434,22548.5275284,22876.60274,7.11826907093708
송파구,마천2동,11710550,19,18.585980158730152,0.41401984126984814,10521.2945508,13813.082362857142,16.879691548067026
은평구,증산동,11380640,18,17.49609126984127,0.5039087301587308,10825.7427964,13153.957216285715,6.555157013077477
강서구,화곡본동,11500590,25,24.474630952380952,0.5253690476190478,20654.2966528,32142.800488285717,11.973163719416506
중랑구,신내1동,11260680,47,46.33344312169313,0.6665568783068707,29531.3749676,34205.661688,11.78568163608503
강북구,삼각산동,11305575,25,24.29455291005291,0.7054470899470893,15875.943775599999,23213.854696,6.721872104831967
성북구,정릉3동,11290640,28,27.253935185185178,0.7460648148148223,14819.792731200001,14179.321935714286,5.211747446067144
동작구,상도4동,11590560,31,30.210711640211624,0.789288359788376,15041.5918992,23889.189292,8.194356489709405
영등포구,도림동,11560585,27,25.983472222222204,1.016527777777796,11963.8930988,17391.82232457143,9.316870056105211
마포구,공덕동,11440565,64,62.911351851851855,1.0886481481481454,29145.310226,35786.219396,2.7985995885466197
구로구,개봉3동,11530760,26,24.73253968253968,1.2674603174603192,15722.8907588,18384.91755114286,13.966661273759785
강북구,송중동,11305545,56,54.57582010582007,1.4241798941799289,29136.9887064,29312.224869142858,7.21784513940257
송파구,거여2동,11710532,18,16.553600529100525,1.4463994708994754,14046.0646244,18563.494010857143,16.954348391093045
종로구,창신2동,11110680,16,14.482369047619047,1.5176309523809532,5973.270011199999,7773.581149428572,3.005713496754389
관악구,청룡동,11620595,67,65.44455687830688,1.5554431216931164,35854.7880148,46109.540075714285,9.915377716957481
동대문구,휘경1동,11230720,28,26.222969576719578,1.7770304232804222,15588.5383432,18617.429754285713,7.718260448293778
구로구,개봉2동,11530750,32,30.210599206349215,1.7894007936507847,16918.0035192,25010.29492457143,13.510285617588256
성북구,보문동,11290610,36,34.18954497354498,1.810455026455017,12168.129428,14987.452944285715,4.142335348080253
성동구,송정동,11200720,20,18.08546031746031,1.91453968253969,9244.1108124,10794.938278,7.986632574794951
종로구,창신1동,11110670,24,22.047519841269843,1.9524801587301575,9586.7671244,7587.322903428571,3.2011715197263424
동작구,상도2동,11590540,46,43.974740740740735,2.025259259259265,17768.6942452,20189.758772,7.581340113885595
광진구,군자동,11215730,66,63.972220057720065,2.0277799422799347,23469.858679200002,23201.101641142857,8.593706953684343
도봉구,쌍문2동,11320670,26,23.751746031746013,2.2482539682539873,14829.7143532,17524.38048,11.2845214636474
양천구,신월2동,11470570,17,14.70136640211641,2.2986335978835903,10000.1745972,11808.660910857143,12.643284494383602
서초구,방배3동,11650620,31,28.624054232804223,2.375945767195777,20759.754766399998,30865.668918000003,9.878373434877677
양천구,신월6동,11470610,17,14.44128042328042,2.5587195767195805,3633.7786704,3183.219653142857,13.214153382684106
성동구,왕십리도선동,11200535,62,59.32273544973543,2.6772645502645673,19906.1321748,21185.309097142857,4.689787319473852
관악구,서림동,11620665,28,25.276695767195758,2.7233042328042423,13423.0422152,21526.746723714285,10.885700391783413
중랑구,신내2동,11260690,21,18.233346560846563,2.766653439153437,12929.7732052,15400.257305428571,11.316653194377666
관악구,대학동,11620735,74,71.0916111111111,2.9083888888888936,40656.9825608,30318.524586857144,11.405231232731827
금천구,독산4동,11545640,20,17.071287037037024,2.928712962962976,9267.386466,11828.805809714286,12.707544999757673
동대문구,제기동,11230545,66,63.05962938912938,2.940370610870623,30709.8801588,28251.961042285715,5.585733030547113
양천구,신월4동,11470590,17,13.667658730158731,3.332341269841269,9174.0675064,12882.161577142857,13.063160629876352
용산구,효창동,11170580,22,18.491425925925935,3.5085740740740654,9832.530167199999,10361.136460571428,3.1458621503846755
동작구,상도3동,11590550,30,26.48448088023086,3.5155191197691416,13142.3198992,19776.517552,8.481409061552693
성북구,정릉4동,11290650,23,19.2108544973545,3.7891455026455,12982.1700352,18788.200520571427,5.847881165787753
도봉구,도봉1동,11320521,40,36.10005952380951,3.899940476190487,16513.9092848,17430.549465428572,13.779396538165454
관악구,신원동,11620655,24,19.928318783068782,4.071681216931218,11995.1854156,17706.333321142858,10.465415638400177
양천구,신월1동,11470560,23,18.823393578643582,4.176606421356418,11743.6792352,15180.448881999999,13.19226604963245
강동구,암사2동,11740580,24,19.672166065416068,4.327833934583932,12271.939453199999,14947.739959714285,13.24115149438684
서초구,양재1동,11650651,123,118.42810630110638,4.571893698893618,71532.7681928,50656.05842085714,11.072310104108501
중구,신당5동,11140650,18,13.409469576719568,4.590530423280432,6561.0154124,5948.243280857143,3.715306441825152
도봉구,도봉2동,11320522,34,29.360555555555546,4.639444444444454,16703.8846896,19126.997500571426,13.686070747345244
중랑구,상봉2동,11260590,55,50.25491269841272,4.745087301587283,21928.7857612,23328.615422,9.840175186184204
강북구,인수동,11305660,45,40.21046825396827,4.789531746031727,22939.4174504,27279.408464,8.645725394709235
도봉구,쌍문1동,11320660,26,20.786357142857142,5.213642857142858,13196.6365872,17444.230774,10.16692362759451
양천구,신월5동,11470600,21,15.610378103378098,5.389621896621902,10884.832556399999,11480.743370857143,13.375513395312105
노원구,중계4동,11350624,28,22.548349206349208,5.451650793650792,13859.3656036,16401.72482742857,13.331196754314623
동대문구,이문1동,11230740,63,57.43503571428573,5.564964285714268,30749.277702,36720.246056285716,7.986492567005055
강동구,명일2동,11740540,34,28.13974206349207,5.8602579365079315,15527.436547599998,15258.530437714284,15.656474093496124
종로구,교남동,11110580,24,18.11355026455027,5.88644973544973,7657.2191984,6650.800412285714,1.360827176861695
동대문구,이문2동,11230750,20,13.820706709956715,6.179293290043285,9442.706146,14767.264875428571,8.664311810669904
중랑구,망우3동,11260660,16,9.594961640211647,6.405038359788353,7708.9147244,11703.739891142857,11.007581332790796
마포구,용강동,11440590,69,62.03145238095241,6.968547619047591,23292.8982572,24188.243489428573,3.994173121060505
중랑구,묵1동,11260620,43,35.984896825396824,7.015103174603176,20570.046546,27939.782590285715,10.422844439827932
금천구,시흥1동,11545670,58,50.98471825396826,7.015281746031739,23858.625397599997,26092.15325285714,14.162969680408544
영등포구,당산2동,11560560,85,77.85439285714284,7.145607142857159,40087.4595388,48443.825889142856,7.7775914048562305
도봉구,창3동,11320513,20,12.547821428571439,7.452178571428561,9048.4898992,11436.83676857143,9.525716292715012
관악구,서원동,11620645,41,33.51453174603174,7.485468253968257,16595.3644388,21510.529266285714,10.218844891983654
강동구,성내3동,11740660,62,54.23298809523811,7.767011904761887,26876.0086848,29139.50079771429,14.435685388166446
강서구,화곡4동,11500570,32,24.181460317460292,7.818539682539708,13881.828397199999,17597.380088857142,11.010172204858616
노원구,상계5동,11350670,31,22.77640873015873,8.223591269841268,14802.382574000001,18319.164602,13.37978456899948
광진구,중곡2동,11215750,33,24.55775264550265,8.44224735449735,15470.343816,21404.573188,9.385703765276798
동작구,사당5동,11590651,20,11.496566896066899,8.503433103933101,8414.796732,11671.901091428572,8.931969344610142
금천구,시흥5동,11545710,24,15.457445767195765,8.542554232804235,9449.241641999999,11718.634369428572,14.196399691196525
양천구,목3동,11470530,42,33.44852597402596,8.551474025974038,16263.382925999998,18866.817830285716,10.188690604242504
중랑구,면목7동,11260570,30,21.338607142857153,8.661392857142847,12344.1756212,16860.865360571428,9.697486825335972
도봉구,방학2동,11320700,23,13.89086904761905,9.10913095238095,8864.2704596,11030.486002285714,12.072317973587646
동대문구,휘경2동,11230730,41,31.886480158730162,9.113519841269838,16151.2430368,20241.399602857142,7.805096271401148
금천구,독산2동,11545620,27,17.84571428571428,9.15428571428572,9495.4944236,12903.487272571429,13.206246203375178
관악구,인헌동,11620625,39,29.507186507936513,9.492813492063487,17541.2824616,25772.401939714284,10.221684568693252
강서구,화곡3동,11500560,35,25.446001322751314,9.553998677248686,14497.4097192,17933.02210314286,12.77660022974935
관악구,은천동,11620605,42,32.03149867724868,9.968501322751322,21911.666380399998,30670.844512,9.570217921484025
송파구,가락2동,11710632,54,43.84721741221739,10.15278258778261,20886.230132,23185.44101457143,15.605650023086964
은평구,응암1동,11380580,55,44.79553174603174,10.204468253968258,18950.5305912,24150.739599714285,6.040804467493336
금천구,독산3동,11545630,32,21.683857142857136,10.316142857142864,12974.166266799999,16492.66329657143,12.028181673487516
구로구,고척2동,11530730,25,14.669003968253968,10.330996031746032,12028.8146944,17396.853239428572,12.913674279372865
은평구,진관동,11380690,73,62.57389153439155,10.42610846560845,53508.35236,57890.15195371429,9.329980259807886
강남구,개포4동,11680690,39,28.42787962962963,10.57212037037037,15280.251757600001,16622.542895714287,11.711068570671843
은평구,갈현1동,11380551,44,33.329099206349206,10.670900793650794,16982.702674800003,16559.972636000002,8.093655384360165
노원구,상계1동,11350630,51,40.17283068783069,10.82716931216931,27282.5738748,34299.670773428574,13.964858409051118
영등포구,양평1동,11560610,71,59.70804761904761,11.291952380952388,21215.6377624,21424.011239142856,9.227521568594751
중랑구,면목3.8동,11260575,51,39.49098412698415,11.509015873015848,17888.301354,20675.202050285716,10.153227025716205
광진구,구의1동,11215850,54,42.486031746031735,11.513968253968265,18101.415073199998,22885.984786285717,9.967465631653154
은평구,역촌동,11380625,72,60.09025793650796,11.90974206349204,34414.7369844,43920.79248685714,6.920877762074274
강서구,방화1동,11500630,80,68.00248015873017,11.997519841269835,29617.6536232,29335.11316,14.254986769137904
동대문구,장안1동,11230650,73,60.81903306878305,12.18096693121695,32476.290404800002,34904.04182571429,7.850376069616041
관악구,행운동,11620575,51,38.70478571428569,12.295214285714309,19670.5206784,25623.34467457143,9.591658996378191
양천구,신정1동,11470620,40,27.47121825396826,12.52878174603174,14636.3690392,16644.848344571426,11.753815923885494
성북구,정릉2동,11290630,32,19.3862156084656,12.613784391534399,14292.9230188,20526.066666285715,5.219519949260694
종로구,부암동,11110550,31,18.237287037037053,12.762712962962947,9864.50942,10650.732653428571,3.7911666096275902
서초구,방배4동,11650621,74,61.158106060606066,12.841893939393934,26131.4210756,26168.200971714286,8.631419944023602
관악구,신사동,11620685,39,25.980544973544976,13.019455026455024,14659.4639012,21268.855956857144,10.427041451535096
강남구,일원1동,11680730,31,17.912706349206353,13.087293650793647,13509.950826799999,13919.859739428572,12.487825479650391
성북구,성북동,11290525,70,56.7383664021164,13.261633597883602,18356.4703116,19504.661012285713,3.594198604036321
강동구,명일1동,11740530,58,44.4722724867725,13.527727513227497,21819.2625768,24069.893056285717,14.848797387513681
중랑구,망우본동,11260655,70,56.448392857142835,13.551607142857165,37510.4540684,39329.439746285716,11.417792433961743
영등포구,신길6동,11560680,41,27.373822751322756,13.626177248677244,16561.7380348,23320.252537714285,9.309008966961347
동대문구,장안2동,11230660,60,46.048394179894174,13.951605820105826,27317.9221908,29754.852474285715,8.295487536940314
구로구,구로5동,11530560,80,66.0155010822511,13.984498917748894,33082.6870232,30008.84162,10.536420564148537
종로구,청운효자동,11110515,83,68.80772883597889,14.192271164021108,20316.8999316,14685.750441142858,1.8118258879037257
송파구,방이1동,11710561,50,35.782123015873,14.217876984127003,16895.127112399998,14883.707125714285,14.224782555235237
은평구,응암3동,11380600,55,40.41259523809522,14.587404761904779,18197.303583999997,23898.638777428572,5.907694863387704
강동구,성내2동,11740650,61,46.34469444444444,14.655305555555557,21693.924689599997,25787.726895142856,13.649755015291825
송파구,잠실본동,11710650,81,66.09868205868204,14.901317941317956,33865.8347772,35729.43870857143,11.288227285816918
강북구,우이동,11305645,52,36.85446031746035,15.145539682539649,16267.012144,18519.012061999998,10.049330682775599
광진구,구의3동,11215870,68,52.807915343915326,15.192084656084674,27017.7833572,26372.774586857144,10.740185480979726
광진구,중곡1동,11215740,36,20.807509259259252,15.192490740740748,12930.9607772,14670.064003142857,8.948134585028722
관악구,중앙동,11620615,35,19.720715608465614,15.279284391534386,11162.2436096,14267.027336285713,9.456676238623174
서초구,방배본동,11650590,49,33.37754365079363,15.622456349206367,16268.107614,18174.436336571427,8.004835972395846
양천구,신정2동,11470630,38,21.857593314093325,16.142406685906675,12596.0364048,16895.411462,10.566614619640184
강남구,삼성2동,11680590,121,103.83068963443962,17.169310365560378,45187.9525204,34390.92790542857,8.9030340676459
노원구,공릉2동,11350600,79,61.533452020202034,17.466547979797966,44078.848969599996,47126.895909142855,11.258647897571844
관악구,낙성대동,11620585,69,50.98366269841269,18.016337301587313,23314.8899412,23284.758244,9.944393816115715
강남구,논현2동,11680531,189,170.57123677248683,18.428763227513173,63655.391788,33372.875337714286,7.655346228661733
양천구,목4동,11470540,42,23.5326859066859,18.4673140933141,14659.601919199999,20255.89409542857,10.41913651613269
양천구,목2동,11470520,46,27.233503968253974,18.766496031746026,15700.3024612,23776.776454285715,9.622167521190738
양천구,신정4동,11470650,71,51.35666931216931,19.64333068783069,29118.1885388,36184.80600428572,11.42482901987128
강동구,길동,11740685,89,68.6947764550265,20.3052235449735,56697.554374399995,60129.12673057143,14.7861828461676
은평구,대조동,11380570,72,51.621138888888886,20.378861111111114,48230.3707888,56976.69176657142,6.919487753457451
강서구,화곡6동,11500591,57,36.610939153439155,20.389060846560845,17756.0587628,21846.247700285716,11.33383851006403
송파구,가락본동,11710620,77,56.499615079365064,20.500384920634936,44559.6835528,40882.98530771428,14.83843962026455
송파구,방이2동,11710562,77,56.479677248677255,20.520322751322745,37315.3875472,37915.299045142856,13.186787088182351
강남구,역삼2동,11680650,122,101.46965211640212,20.530347883597884,61439.213765199995,47607.663295142855,9.434160138576017
영등포구,양평2동,11560620,83,62.43300661375664,20.56699338624336,28086.290527600002,21960.970772285713,8.055547982510491
관악구,신림동,11620695,63,42.24606613756613,20.75393386243387,25281.255672400002,29973.21145485714,9.885996904262122
성북구,삼선동,11290555,79,56.87930555555553,22.120694444444467,25231.220569200003,24526.260082,3.899106171966107
송파구,오금동,11710570,82,59.762154761904746,22.237845238095254,34087.272795599994,37672.62315771428,15.27200965949604
강동구,천호2동,11740610,88,65.42544047619047,22.574559523809526,42211.8301744,45486.714254,13.359132075174907
광진구,구의2동,11215860,48,25.152706349206348,22.847293650793652,15893.668590399999,20554.615575428572,10.101662255523191
광진구,중곡3동,11215760,40,17.10920634920636,22.89079365079364,11731.246943600001,13679.207434285714,9.225404909582844
마포구,서강동,11440655,99,75.69640740740739,23.303592592592608,24599.0887224,27385.136230285716,5.001696065271555
마포구,신수동,11440630,51,27.373010582010576,23.626989417989424,14562.7073408,16650.16175028571,4.292976538126298
동작구,사당1동,11590620,64,38.7886507936508,25.211349206349198,18265.7507836,22324.339888,9.571818969225992
강서구,염창동,11500510,70,44.24198015873015,25.75801984126985,26316.6843328,33386.63540971429,9.564361954667227
동작구,상도1동,11590530,73,47.03175793650794,25.968242063492063,34869.231117200005,47105.76327285715,7.776093233167956
용산구,청파동,11170555,88,61.87439153439157,26.12560846560843,22779.2017088,20688.556009714288,2.2530235167193373
마포구,도화동,11440585,56,28.972350529100538,27.027649470899462,16468.6091752,13531.440310857142,3.8740768155671
서대문구,남가좌2동,11410700,70,42.44158862433863,27.558411375661372,18233.3489384,21157.251808,5.056701847144615
용산구,이태원2동,11170660,47,18.987985449735465,28.012014550264535,10216.073289599999,11180.951984857142,3.211018163442415
송파구,삼전동,11710610,67,38.59858333333332,28.401416666666677,24372.8836616,30493.49579085714,12.246243436008331
동대문구,회기동,11230710,84,52.99494312169313,31.005056878306867,20050.394246,15997.046806285714,7.164313870216313
강남구,신사동,11680510,162,129.96917328042338,32.03082671957662,46512.4897984,22110.801924,6.405872072262324
강서구,등촌1동,11500520,70,37.78899603174603,32.21100396825397,18517.417114,21958.266894,10.542490740968594
노원구,상계2동,11350640,77,43.84538492063488,33.15461507936512,27521.5423272,23709.27192457143,12.589991739071623
용산구,후암동,11170510,60,26.424416666666676,33.57558333333333,11667.155138,14662.363152857144,1.9193271792534454
마포구,망원2동,11440700,58,23.74761904761904,34.25238095238096,13221.6083736,16829.480986285715,6.6315074821151025
강동구,성내1동,11740640,81,46.104496031746024,34.895503968253976,22030.426853999998,22290.073279142856,13.60252117326015
영등포구,문래동,11560605,129,92.46558597883595,36.534414021164054,41061.1149396,28180.820960285717,9.381761094721938
강서구,발산1동,11500611,104,63.8593849206349,40.1406150793651,29652.9912316,27942.337824857146,13.149147461266107
종로구,종로1.2.3.4가동,11110615,389,348.5807926887926,40.4192073112074,102032.7977484,24713.63525457143,1.0583020600884334
용산구,이태원1동,11170650,60,19.459920634920643,40.54007936507936,11801.003578,10139.831588857143,3.859133049141928
용산구,용산2가동,11170520,63,21.240265873015865,41.759734126984135,10990.1033096,10289.331786857143,2.5458947943691896
노원구,공릉1동,11350595,105,62.97514153439151,42.02485846560849,32974.358576,36441.10224257143,10.552019013079107
성북구,안암동,11290600,120,76.15250000000002,43.84749999999998,29471.837884800003,21353.472012857143,4.878183043267814
서대문구,연희동,11410615,120,73.07033597883594,46.92966402116406,33708.5043496,37018.448450285716,4.199092210931388
종로구,사직동,11110530,178,128.0817473544973,49.91825264550269,39529.2061684,11194.617386571428,0.9536578440956123
종로구,혜화동,11110650,114,63.94499338624338,50.05500661375662,31871.6919896,25916.57861257143,2.7708999643675853
강남구,논현1동,11680521,164,113.7583227513228,50.241677248677206,49874.4865564,31690.743454285715,7.467151838950546
영등포구,당산1동,11560550,118,66.53358730158732,51.46641269841268,27210.9689416,22214.252953142855,8.56865071457657
송파구,석촌동,11710600,92,37.52806613756613,54.47193386243387,24712.9150736,28084.31625171429,13.12402538153614
마포구,합정동,11440680,130,73.91599470899469,56.08400529100531,21284.784505199998,14896.791856285714,6.067980376049733
송파구,문정2동,11710642,204,137.72893253968255,66.27106746031745,55892.390483999996,30790.198710285713,15.600229023590996
성동구,성수1가2동,11200660,141,69.58033597883596,71.41966402116404,26886.0061564,16379.375224571428,6.4153739190653525
서대문구,신촌동,11410585,213,140.17789682539677,72.82210317460323,69451.10871279999,40915.39750857143,3.635427771415733
송파구,송파1동,11710580,114,40.87286507936504,73.12713492063496,23498.4737524,26179.920649142856,13.3555543021786
금천구,가산동,11545510,306,232.2732777777777,73.72672222222229,88581.254308,37946.43592914286,12.883573123473814
용산구,한강로동,11170625,208,131.40896596921604,76.59103403078396,74481.3887772,33896.90537742857,4.139641891398709
마포구,상암동,11440740,167,87.93048941798945,79.06951058201055,58663.451857600005,38826.485486,7.848653542759283
성북구,동선동,11290575,137,51.90623809523807,85.09376190476192,24338.91954,21720.723719714286,4.567141043274746
중구,명동,11140550,251,164.37683730158722,86.62316269841278,71451.13342039999,10827.790342285714,0.5513928962480271
광진구,화양동,11215710,158,62.453982323232324,95.54601767676768,37044.8799632,34371.81055942857,8.53221462607946
마포구,망원1동,11440690,131,32.80196164021165,98.19803835978834,17327.0124176,21228.087613714288,6.484405486031831
강서구,가양1동,11500603,264,108.81338492063493,155.18661507936508,42623.941651199995,22379.667717142856,12.817193695765825
마포구,연남동,11440710,210,31.79590211640213,178.20409788359788,17186.0612376,17218.640575142857,4.888528151726685
강남구,역삼1동,11680640,463,263.8055198412697,199.1944801587303,145503.6145976,60996.33977200001,8.919567828128132
마포구,서교동,11440660,535,238.54312301587305,296.45687698412695,92197.4983996,45544.29472485714,5.109887198051773
